-- --------------------------------------------------------
-- Host:                         127.0.0.1
-- Server version:               12.2.2-MariaDB - MariaDB Server
-- Server OS:                    Win64
-- HeidiSQL Version:             12.14.0.7165
-- --------------------------------------------------------

/*!40101 SET @OLD_CHARACTER_SET_CLIENT=@@CHARACTER_SET_CLIENT */;
/*!40101 SET NAMES utf8 */;
/*!50503 SET NAMES utf8mb4 */;
/*!40103 SET @OLD_TIME_ZONE=@@TIME_ZONE */;
/*!40103 SET TIME_ZONE='+00:00' */;
/*!40014 SET @OLD_FOREIGN_KEY_CHECKS=@@FOREIGN_KEY_CHECKS, FOREIGN_KEY_CHECKS=0 */;
/*!40101 SET @OLD_SQL_MODE=@@SQL_MODE, SQL_MODE='NO_AUTO_VALUE_ON_ZERO' */;
/*!40111 SET @OLD_SQL_NOTES=@@SQL_NOTES, SQL_NOTES=0 */;


-- Dumping database structure for theatre_app
CREATE DATABASE IF NOT EXISTS `theatre_app` /*!40100 DEFAULT CHARACTER SET utf8mb4 COLLATE utf8mb4_uca1400_ai_ci */;
USE `theatre_app`;

-- Dumping structure for table theatre_app.reservations
CREATE TABLE IF NOT EXISTS `reservations` (
  `reservation_id` int(11) NOT NULL AUTO_INCREMENT,
  `user_id` int(11) NOT NULL,
  `showtime_id` int(11) NOT NULL,
  `seats_booked` int(11) NOT NULL,
  `total_price` decimal(7,2) DEFAULT NULL,
  `created_at` timestamp NULL DEFAULT current_timestamp(),
  `seat_numbers` varchar(100) DEFAULT '',
  PRIMARY KEY (`reservation_id`),
  KEY `user_id` (`user_id`),
  KEY `showtime_id` (`showtime_id`),
  CONSTRAINT `1` FOREIGN KEY (`user_id`) REFERENCES `users` (`user_id`) ON DELETE CASCADE,
  CONSTRAINT `2` FOREIGN KEY (`showtime_id`) REFERENCES `showtimes` (`showtime_id`) ON DELETE CASCADE
) ENGINE=InnoDB AUTO_INCREMENT=7 DEFAULT CHARSET=utf8mb4 COLLATE=utf8mb4_uca1400_ai_ci;

-- Dumping data for table theatre_app.reservations: ~2 rows (approximately)
INSERT INTO `reservations` (`reservation_id`, `user_id`, `showtime_id`, `seats_booked`, `total_price`, `created_at`, `seat_numbers`) VALUES
	(4, 6, 584, 1, 16.00, '2026-05-11 09:01:00', 'H6'),
	(5, 6, 824, 1, 18.00, '2026-05-11 09:06:28', 'I6'),
	(6, 6, 601, 2, 40.00, '2026-05-11 10:12:53', 'D5,D6');

-- Dumping structure for table theatre_app.shows
CREATE TABLE IF NOT EXISTS `shows` (
  `show_id` int(11) NOT NULL AUTO_INCREMENT,
  `theatre_id` int(11) NOT NULL,
  `title` varchar(255) NOT NULL,
  `description` text DEFAULT NULL,
  `duration` int(11) DEFAULT NULL,
  `age_rating` varchar(50) DEFAULT NULL,
  `image_url` varchar(500) DEFAULT NULL,
  `category` varchar(100) DEFAULT NULL,
  `rating` varchar(10) DEFAULT NULL,
  `room_name` varchar(100) DEFAULT 'Κεντρική Σκηνή',
  PRIMARY KEY (`show_id`),
  KEY `theatre_id` (`theatre_id`),
  CONSTRAINT `1` FOREIGN KEY (`theatre_id`) REFERENCES `theatres` (`theatre_id`) ON DELETE CASCADE
) ENGINE=InnoDB AUTO_INCREMENT=106 DEFAULT CHARSET=utf8mb4 COLLATE=utf8mb4_uca1400_ai_ci;

-- Dumping data for table theatre_app.shows: ~21 rows (approximately)
INSERT INTO `shows` (`show_id`, `theatre_id`, `title`, `description`, `duration`, `age_rating`, `image_url`, `category`, `rating`, `room_name`) VALUES
	(1, 1, 'Οιδίπους Τύραννος', 'Η αριστουργηματική τραγωδία του Σοφοκλή έρχεται να καθηλώσει το κοινό σε μια σύγχρονη και συγκλονιστική σκηνοθετική προσέγγιση. Ένας φοβερός λοιμός μαστίζει την πόλη της Θήβας. Ο βασιλιάς Οιδίποδας, αποφασισμένος να σώσει τον λαό του, ξεκινά μια αγωνιώδη έρευνα για να ανακαλύψει τον δολοφόνο του προκατόχου του, Λάιου. Όσο όμως το νήμα ξετυλίγεται, η αλήθεια που έρχεται στο φως είναι πιο σκοτεινή και ανατριχιαστική από όσο θα μπορούσε ποτέ να φανταστεί. Ο τραγικός ήρωας έρχεται αντιμέτωπος με το ίδιο του το πεπρωμένο, εκπληρώνοντας τον πιο σκληρό χρησμό των θεών. Μια παράσταση για τη μοίρα, την αλαζονεία της εξουσίας και τα όρια της ανθρώπινης ύπαρξης', 110, '12+', 'https://www.ticketservices.gr/pictures/original/b_37877_or_afisa.jpg', 'Αρχαία Τραγωδία', '4.9', 'Σκηνή Νίκος Κούρκουλος'),
	(2, 2, 'Το Φάντασμα της Όπερας', 'Το θρυλικό μιούζικαλ που έχει μαγέψει εκατομμύρια θεατές σε όλο τον κόσμο, έρχεται σε μια φαντασμαγορική παραγωγή. Βαθιά κάτω από την Όπερα του Παρισιού, ένα παραμορφωμένο μουσικό ιδιοφυές περιφέρεται στους σκοτεινούς διαδρόμους. Σαγηνευμένος από το ταλέντο και την ομορφιά της νεαρής σοπράνο Κριστίν, το Φάντασμα θα κάνει τα πάντα για να την κάνει αστέρι της σκηνής, διεκδικώντας την αποκλειστική αγάπη της.\\n\\nΩστόσο, όταν ο παιδικός έρωτας της Κριστίν, ο Ραούλ, μπαίνει ξανά στη ζωή της, ένα επικίνδυνο ερωτικό τρίγωνο δημιουργείται. Πάθος, ζήλια και σκοτεινά μυστικά συνθέτουν μια επική ιστορία που συνοδεύεται από μαγευτική μουσική, εντυπωσιακά κοστούμια και εκπληκτικά σκηνικά.', 150, '10+', 'https://c.scdn.gr/images/sku_main_images/020275/20275933/xlarge_20210625165720_to_fantasma_tis_operas.jpeg', 'Μιούζικαλ', '4.8', 'Πλατεία Παλλάς'),
	(3, 3, 'Αντιγόνη', 'Η κορυφαία τραγωδία του Σοφοκλή ζωντανεύει, φέρνοντας στο προσκήνιο την αιώνια σύγκρουση ανάμεσα στον άγραφο ηθικό νόμο και την κρατική εξουσία. Μετά τον αιματηρό εμφύλιο της Θήβας, ο νέος άρχοντας Κρέοντας απαγορεύει αυστηρά την ταφή του "προδότη" Πολυνείκη. Η αδερφή του, Αντιγόνη, αψηφά τη διαταγή, επιλέγοντας να τιμήσει τον νεκρό αδερφό της, γνωρίζοντας καλά πως η πράξη της τιμωρείται με θάνατο.\\n\\nΗ παράσταση αναδεικνύει την αδιαπραγμάτευτη δύναμη της φωνής και το θάρρος της ατομικής ευθύνης απέναντι στην τυραννία. Μια συγκλονιστική ερμηνευτική εμπειρία που θέτει καίρια ερωτήματα για τη δημοκρατία, το δίκαιο και το προσωπικό χρέος, κρατώντας τον θεατή καθηλωμένο μέχρι το τραγικό τέλος.', 100, 'Όλες οι ηλικίες', 'https://www.ticketservices.gr/pictures/original/b_28324_or_afisa%20antigone-02.jpg', 'Αρχαία Τραγωδία', '4.7', 'Θέατρο Άννα Συνοδινού'),
	(4, 1, 'Άμλετ του Σαίξπηρ', 'Το κλασικό αριστούργημα του Ουίλλιαμ Σαίξπηρ παρουσιάζεται σε μια σύγχρονη, σκοτεινή και καθηλωτική σκηνοθεσία. Μια βαθιά εξερεύνηση της προδοσίας, της εκδίκησης και της ηθικής διαφθοράς. Με εντυπωσιακές ερμηνείες και ατμοσφαιρικά σκηνικά, αυτή η παράσταση υπόσχεται να κρατήσει το κοινό σε αγωνία μέχρι το τελευταίο λεπτό.', 140, '16+', 'https://www.zakynthos.gov.gr/media/2024/07/AMLET.png', 'Κλασικό Δράμα', '4.8', 'Κεντρική Σκηνή (Τσίλλερ)'),
	(5, 2, 'Chicago The Musical', 'Το θρυλικό μιούζικαλ του Μπρόντγουεϊ έρχεται με εκρηκτικά χορευτικά, αξεπέραστη τζαζ μουσική και αστραφτερή λάμψη. Μπείτε στον κόσμο του εγκλήματος, του πάθους και της δόξας στο Σικάγο της δεκαετίας του 1920. Μια φαντασμαγορική παραγωγή που συνδυάζει αιχμηρή σάτιρα, εντυπωσιακά κοστούμια και μια ζωντανή ορχήστρα που θα σας παρασύρει στον ρυθμό της.', 135, '12+', 'https://eratobooks.gr/wp-content/uploads/2025/07/7-16.jpg', 'Μιούζικαλ', '4.9', 'Πλατεία Παλλάς'),
	(6, 3, 'Λυσιστράτη του Αριστοφάνη', 'Η κορυφαία αντιπολεμική κωμωδία του Αριστοφάνη ζωντανεύει κάτω από τα αστέρια του καλοκαιρινού ουρανού. Μια ξεκαρδιστική παράσταση γεμάτη αιχμηρή σάτιρα, έξυπνους διαλόγους και αστείρευτο γέλιο. Όταν οι γυναίκες αναλαμβάνουν δράση για να σταματήσουν τον πόλεμο, τα αποτελέσματα είναι απρόβλεπτα και απολαυστικά!', 110, '14+', 'https://nikoskypourgos.com/wp-content/uploads/2020/07/1986-Lysistrata.jpg', 'Αρχαία Κωμωδία', '4.6', 'Θέατρο Μελίνα Μερκούρη'),
	(7, 12, 'Κάρμεν (Όπερα)', 'Το πάθος, η ελευθερία και η μοίρα συγκρούονται κάτω από το σεληνόφως του Ηρωδείου. Η εκρηκτική όπερα του Georges Bizet ζωντανεύει σε μια εντυπωσιακή παραγωγή, μεταφέροντας την κάψα της Σεβίλλης στην καρδιά της Αθήνας. Η ατίθαση τσιγγάνα Κάρμεν, μια γυναίκα που προτιμά να πεθάνει παρά να υποταχθεί, παρασύρει τον Δον Χοσέ σε έναν δίνη έρωτα και καταστροφής. Με τις πασίγνωστες μελωδίες της Habanera και του Toreador, η παράσταση αυτή υπόσχεται μια βραδιά γεμάτη ένταση, χρώμα και συγκλονιστικές ερμηνευτικές στιγμές που θα μείνουν χαραγμένες στη μνήμη σας.', 160, '12+', 'https://www.culturenow.gr/wp-content/uploads/2018/04/Ethniki_liriki_skini_Karmen_SITE_2_photo_Stefanos.jpg-300x300.jpg', 'Όπερα', '4.9', 'Άνω Κερκίδες Ηρωδείου'),
	(8, 6, 'Συναυλία: Ελληνικό Ροκ', 'Μια βραδιά γεμάτη ηλεκτρισμό, εκεί που το Σέιχ Σου συναντά την ένταση της ροκ σκηνής. Οι πιο εμβληματικές φωνές και τα συγκροτήματα που σημάδεψαν τις νύχτες μας, ενώνονται σε έναν μουσικό μαραθώνιο κάτω από τα αστέρια. Από τους ιστορικούς ύμνους των 80s μέχρι τον σύγχρονο εναλλακτικό ήχο, οι κιθάρες παίρνουν φωτιά και ο ρυθμός δεν σταματά. Ελάτε να γίνουμε μια μεγάλη παρέα και να τραγουδήσουμε για όλα αυτά που μας κάνουν να νιώθουμε ελεύθεροι. Το Θέατρο Δάσους θα δονηθεί από την ενέργεια του ελληνικού ροκ!', 180, 'Όλες', 'https://www.ticketservices.gr/pictures/original/b_52917_or_DSC08568-2.jpg', 'Συναυλία', '4.8', 'Κεντρικό Αμφιθέατρο Δάσους'),
	(9, 13, 'Ματωμένος Γάμος', 'Το ποιητικό αριστούργημα του Φεντερίκο Γκαρθία Λόρκα ζωντανεύει σε μια παράσταση γεμάτη πάθος, αίμα και πεπρωμένο. Στην άγονη γη της Ανδαλουσίας, ένας απαγορευμένος έρωτας ξυπνά παλιά μίση και οδηγεί σε μια αναπόφευκτη σύγκρουση. Η νύφη, ο γαμπρός και ο Λεονάρντο παγιδεύονται σε ένα παιχνίδι ζωής και θανάτου, κάτω από το παγερό βλέμμα της Σελήνης. Μια ωδή στον έρωτα που αψηφά τους κοινωνικούς κανόνες και στην τραγικότητα της ανθρώπινης φύσης. Μια εμπειρία που θα πλημμυρίσει τις αισθήσεις σας με μουσική, ποίηση και ένταση.', 110, '15+', 'https://www.n-t.gr/pictures/original/b_33770_or_matomenos_gamos_promo_jpeg_low_44_(2).jpg', 'Δράμα', '4.7', 'Σκηνή Ωμέγα ΔΘΠ'),
	(10, 13, 'Ο Εμποράκος', 'Η εμβληματική τραγωδία του σύγχρονου ανθρώπου, το έργο του Άρθουρ Μίλερ που καθόρισε τον 20ο αιώνα, ανεβαίνει στην Κεντρική Σκηνή του Πειραιά. Ο Γουίλι Λόμαν, ένας κουρασμένος πλασιέ, παλεύει να διατηρήσει τις αυταπάτες του για το αμερικανικό όνειρο, ενώ η οικογένειά του καταρρέει κάτω από το βάρος των μυστικών και των ανεκπλήρωτων προσδοκιών. Μια συγκλονιστική ανατομία της σχέσης πατέρα-γιου, της αποτυχίας και της αξιοπρέπειας. Ένα έργο που παραμένει τρομακτικά επίκαιρο, υπενθυμίζοντας μας πως η μεγαλύτερη τραγωδία είναι να σε ξεχάσει ο χρόνος.', 135, '12+', 'https://vrilissia.gr/wp-content/uploads/2025/11/thanatos_emporakou1.jpg', 'Δράμα', '4.6', 'Κεντρική Σκηνή ΔΘΠ'),
	(11, 14, 'Συμφωνική Ορχήστρα', 'Μια μεγαλειώδης μουσική εμπειρία στην καρδιά της Αθήνας. Η Συμφωνική Ορχήστρα παρουσιάζει ένα πρόγραμμα υψηλών απαιτήσεων, ταξιδεύοντάς μας από τον κλασικισμό του Μότσαρτ στον ρομαντισμό του Μπετόβεν. Υπό την καθοδήγηση διεθνούς φήμης μαέστρου, οι δεκάδες μουσικοί επί σκηνής δημιουργούν έναν ηχητικό όγκο που δονεί την Αίθουσα Χρήστος Λαμπράκης. Μια βραδιά αφιερωμένη στην τελειότητα της κλασικής μουσικής και τη δύναμη της συλλογικής ερμηνείας.', 120, 'Όλες', 'https://mousikasynola.ert.gr/wp-content/uploads/2023/10/NSO-Herodus-Atticus.jpg', 'Κλασική Μουσική', '5.0', 'Αίθουσα Ν. Σκαλκώτας'),
	(12, 1, 'Ρωμαίος και Ιουλιέτα', 'Η αθάνατη ιστορία του Ουίλλιαμ Σαίξπηρ, ο απόλυτος ύμνος στον έρωτα που αψηφά το μίσος και τον θάνατο. Δύο νέοι, παγιδευμένοι ανάμεσα σε δύο οικογένειες που τις χωρίζει μια άσβεστη έχθρα, αποφασίζουν να ζήσουν το πάθος τους μέχρι τέλους. Μια σύγχρονη προσέγγιση του κλασικού αριστουργήματος που αναδεικνύει την ένταση, την τραγικότητα και τη διαχρονική ομορφιά της πιο διάσημης ερωτικής ιστορίας όλων των εποχών. Μια παραγωγή που θα σας καθηλώσει με την αισθητική και τις ερμηνείες της.', 120, '12+', 'https://www.lifo.gr/sites/default/files/styles/max_1920x1920/public/articles/2023-03-31/romeo_and_juliet%20%289%29_0.jpg?itok=sba1B49B', 'Δράμα', '4.8', 'Κεντρική Σκηνή (Τσίλλερ)'),
	(13, 2, 'Mamma Mia!', 'Το απόλυτο feel-good μιούζικαλ που λάτρεψαν εκατομμύρια θεατές σε όλο τον κόσμο, μας ταξιδεύει κάτω από τον ήλιο του Αιγαίου. Με φόντο ένα ειδυλλιακό ελληνικό νησί, η ιστορία της Sophie ξετυλίγεται μέσα από τους αξέχαστους ρυθμούς των ABBA. Μια κόρη, μια μητέρα και τρεις πιθανοί μπαμπάδες συναντιούνται σε ένα σκηνικό γεμάτο ανατροπές, γέλιο και συγκίνηση. Το \'Mamma Mia!\' είναι μια γιορτή της ζωής και της αγάπης που θα σας κάνει να θέλετε να χορέψετε από το πρώτο λεπτό!', 150, 'Όλες οι ηλικίες', 'https://upload.wikimedia.org/wikipedia/en/c/c3/Mammamiaposter.jpg', 'Μιούζικαλ', '4.9', 'Πλατεία Παλλάς'),
	(14, 3, 'Μήδεια του Ευριπίδη', 'Η Μήδεια του Ευριπίδη αποτελεί την πιο συγκλονιστική σπουδή πάνω στην προδοσία, την εκδίκηση και τα αδιέξοδα του ανθρώπινου πάθους. Μια γυναίκα-σύμβολο, ξένη σε μια εχθρική χώρα, μετατρέπει τον πόνο της προδοσίας σε μια καταστροφική δύναμη που δεν γνωρίζει όρια. Όταν ο Ιάσονας την εγκαταλείπει, η Μήδεια αναμετράται με τη μοίρα και τα μητρικά της ένστικτα, οδηγούμενη στην πιο σκοτεινή πράξη που γνώρισε ποτέ το παγκόσμιο θέατρο. Μια παράσταση που θα σας κόψει την ανάσα.', 110, '16+', 'https://megalopoli.gov.gr/wp-content/uploads/2025/07/mideia-3-683x1024.jpg', 'Αρχαία Τραγωδία', '4.7', 'Θέατρο Μελίνα Μερκούρη'),
	(15, 6, 'Συναυλία: Έντεχνο', 'Οι πιο όμορφες μελωδίες κάτω από το φως του φεγγαριού. Μια βραδιά αφιερωμένη στην ποίηση του ελληνικού τραγουδιού, με σπουδαίους ερμηνευτές και δεξιοτέχνες μουσικούς. Από τον Χατζιδάκι και τον Θεοδωράκη μέχρι τους σύγχρονους δημιουργούς, το έντεχνο τραγούδι βρίσκει το ιδανικό του καταφύγιο μέσα στη φύση του Δάσους. Μια μυσταγωγική εμπειρία που ισορροπεί ανάμεσα στη νοσταλγία και την ελπίδα, προσφέροντας μια ανάσα πολιτισμού και βαθιάς συγκίνησης. Αφήστε τις μουσικές να σας ταξιδέψουν.', 160, 'Όλες οι ηλικίες', 'https://www.athinorama.gr/Content/ImagesDatabase/p/750x422/crop/both/f8/f8f2faf613574e21a5cd0f903dd3ebc4.jpg?quality=81&404=default&v=4', 'Συναυλία', '4.8', 'Μικρή Σκηνή Δάσους'),
	(16, 6, 'Stand Up Comedy Nights', 'Προσοχή: Κίνδυνος ακράτειας... από τα γέλια! Οι καλύτεροι stand-up comedians της χώρας συγκεντρώνονται στη Μικρή Σκηνή Δάσους για να ανατομήσουν με χειρουργική ακρίβεια (και πολύ θράσος) την ελληνική πραγματικότητα. Ιστορίες για την καθημερινότητα, τις σχέσεις, τα social media και όλα τα παράλογα που ζούμε, ειπωμένα με καταιγιστικό ρυθμό και ασταμάτητες ατάκες. Μια διαδραστική εμπειρία όπου κανείς δεν είναι ασφαλής στην πρώτη σειρά, αλλά όλοι φεύγουν με λιγότερα προβλήματα και περισσότερο κέφι. Η καλύτερη αποτοξίνωση από το άγχος της πόλης!', 100, '15+', 'https://images.unsplash.com/photo-1585699324551-f6c309eedeca?w=800&q=80', 'Κωμωδία', '4.6', 'Κεντρικό Αμφιθέατρο Δάσους'),
	(17, 12, 'Η Λίμνη των Κύκνων', 'Το απόλυτο παραμύθι του κλασικού χορού συναντά την ιστορική μεγαλοπρέπεια του Ωδείου Ηρώδου Αττικού. Η αθάνατη μουσική του Tchaikovsky και η αιθέρια κίνηση των κορυφαίων χορευτών συνθέτουν ένα σκηνικό ονείρου. Η πάλη ανάμεσα στο λευκό και το μαύρο κύκνο, η προδοσία και η λυτρωτική δύναμη της αγάπης ξετυλίγονται πάνω στα αρχαία μάρμαρα, προσφέροντας ένα θέαμα σπάνιας ομορφιάς και τεχνικής τελειότητας. Μια μυσταγωγική εμπειρία που αναδεικνύει την ποίηση του σώματος σε έναν από τους πιο ατμοσφαιρικούς χώρους του κόσμου.', 140, 'Όλες οι ηλικίες', 'https://www.musicity.gr/wp-content/uploads/2024/09/i-limni-ton-kyknon.webp', 'Μπαλέτο', '5.0', 'Άνω Κερκίδες Ηρωδείου'),
	(18, 12, 'Νόρμα (Όπερα)', 'Το κορυφαίο αριστούργημα του bel canto επιστρέφει εκεί που ο ήχος συναντά το θείο. Η Νόρμα του Vincenzo Bellini, η ιστορία της αρχιέρειας των Δρυιδών που διχάζεται ανάμεσα στο καθήκον προς την πατρίδα και τον απαγορευμένο έρωτα για έναν Ρωμαίο εχθρό, αποτελεί την επιτομή της δραματικής όπερας. Με την εμβληματική προσευχή \'Casta Diva\' να αντηχεί στον ιερό χώρο του Ηρωδείου, η παράσταση εξερευνά τα όρια της θυσίας και της ανθρώπινης ψυχής. Μια βραδιά υψηλής αισθητικής και βαθιάς συγκίνησης, αφιερωμένη στην απόλυτη δύναμη της φωνής και του δράματος.', 170, '12+', 'https://www.culturenow.gr/wp-content/uploads/2019/05/-%CE%9D%CF%8C%CF%81%CE%BC%CE%B1-%CE%97%CF%81%CF%8E%CE%B4%CE%B5%CE%B9%CE%BF_8489-%CF%86%CF%89%CF%84%CF%8C-%CE%94.-%CE%A3%CE%B1%CE%BA%CE%B1%CE%BB%CE%AC%CE%BA%CE%B7%CF%82-e1559815135226.jpg', 'Όπερα', '4.9', 'Κάτω Διάζωμα Ηρωδείου'),
	(19, 13, 'Ο Θείος Βάνιας', 'Η γοητεία της ρωσικής μελαγχολίας συναντά την απαράμιλλη γραφή του Αντόν Τσέχοφ. Σε ένα επαρχιακό κτήμα, οι ήρωες ζουν ανάμεσα σε χαμένες ευκαιρίες, ανεκπλήρωτους έρωτες και την αργή φθορά του χρόνου. Ο Θείος Βάνιας και ο γιατρός Άστροφ αναζητούν ένα νόημα σε μια ζωή που μοιάζει να τους προσπερνά, ισορροπώντας με δεξιοτεχνία ανάμεσα στο δράμα και το λεπτό χιούμορ. Μια παράσταση για τις ματαιώσεις της ύπαρξης αλλά και για την κρυφή ελπίδα ότι \'κάποτε θα αναπαυθούμε\'. Ένα μάθημα ανθρωπιάς και αλήθειας που θα σας αγγίξει βαθιά.', 130, '12+', 'https://www.dithepi.gr/pictures/b/b_26753_463904784_8576392812415007_3347744307018257194_n.jpg', 'Κλασικό Δράμα', '4.7', 'Σκηνή Ωμέγα ΔΘΠ'),
	(20, 14, 'Ρεσιτάλ Πιάνου', 'Η απόλυτη μοναξιά και η απόλυτη δεξιοτεχνία πάνω στα 88 πλήκτρα. Ένας βραβευμένος σολίστ αναμετράται με τα πιο απαιτητικά έργα των Σοπέν, Λιστ και Ραχμάνινοφ, σε μια βραδιά που αναδεικνύει τις απεριόριστες δυνατότητες του πιάνου. Από τους πιο λεπτούς ψιθύρους έως τις πιο εκρηκτικές κορυφώσεις, το ρεσιτάλ αυτό είναι μια εσωτερική διαδρομή που μετατρέπει τη σιωπή σε ποίηση. Μια μυσταγωγία για τους λάτρεις της μουσικής δωματίου.', 90, 'Όλες οι ηλικίες', 'https://www.megaron.gr/wp-content/uploads/2024/11/DSC_0546-630x740.jpg', 'Μουσική', '4.8', 'Αίθουσα Χρ. Λαμπράκης'),
	(21, 14, 'Όπερα του Δρόμου', 'Τι συμβαίνει όταν η κλασική παιδεία συναντά την ενέργεια του δρόμου; Η \'Όπερα του Δρόμου\' ανατρέπει τα δεδομένα, φέρνοντας τις μεγαλύτερες άριες του κόσμου σε μια σύγχρονη, αστική αισθητική. Με φρέσκιες ενορχηστρώσεις που περιλαμβάνουν τζαζ και ηλεκτρονικά στοιχεία, η παράσταση σπάει τα στερεότυπα και αποδεικνύει ότι η όπερα ανήκει σε όλους. Μια πρωτοποριακή παραγωγή που θα σας κάνει να δείτε το λυρικό θέατρο με μια εντελώς νέα ματιά.', 115, '12+', 'https://dynamic-media-cdn.tripadvisor.com/media/photo-o/32/2d/9a/0f/caption.jpg?w=1200&h=1200&s=1', 'Όπερα', '4.6', 'Αίθουσα Ν. Σκαλκώτας');

-- Dumping structure for table theatre_app.showtimes
CREATE TABLE IF NOT EXISTS `showtimes` (
  `showtime_id` int(11) NOT NULL AUTO_INCREMENT,
  `show_id` int(11) NOT NULL,
  `show_date` date NOT NULL,
  `show_time` time NOT NULL,
  `price` decimal(5,2) DEFAULT NULL,
  `room_name` varchar(100) DEFAULT 'Κεντρική Σκηνή',
  PRIMARY KEY (`showtime_id`),
  KEY `show_id` (`show_id`),
  CONSTRAINT `1` FOREIGN KEY (`show_id`) REFERENCES `shows` (`show_id`) ON DELETE CASCADE
) ENGINE=InnoDB AUTO_INCREMENT=896 DEFAULT CHARSET=utf8mb4 COLLATE=utf8mb4_uca1400_ai_ci;

-- Dumping data for table theatre_app.showtimes: ~252 rows (approximately)
INSERT INTO `showtimes` (`showtime_id`, `show_id`, `show_date`, `show_time`, `price`, `room_name`) VALUES
	(561, 1, '2026-06-15', '19:45:00', 25.00, 'Σκηνή Νίκος Κούρκουλος'),
	(562, 1, '2026-06-15', '22:15:00', 20.00, 'Πειραματική Σκηνή - Κατίνα Παξινού'),
	(564, 1, '2026-06-16', '16:30:00', 12.00, 'Πειραματική Σκηνή - Κατίνα Παξινού'),
	(565, 1, '2026-06-16', '19:00:00', 20.00, 'Κεντρική Σκηνή (Τσίλλερ)'),
	(566, 1, '2026-06-16', '21:30:00', 22.00, 'Σκηνή Νίκος Κούρκουλος'),
	(568, 1, '2026-06-17', '18:15:00', 18.00, 'Σκηνή Νίκος Κούρκουλος'),
	(569, 1, '2026-06-17', '20:45:00', 25.00, 'Κεντρική Σκηνή (Τσίλλερ)'),
	(570, 1, '2026-06-17', '23:00:00', 20.00, 'Πειραματική Σκηνή - Κατίνα Παξινού'),
	(572, 1, '2026-06-18', '17:45:00', 15.00, 'Κεντρική Σκηνή (Τσίλλερ)'),
	(573, 1, '2026-06-18', '20:15:00', 22.00, 'Πειραματική Σκηνή - Κατίνα Παξινού'),
	(574, 1, '2026-06-18', '22:30:00', 25.00, 'Κεντρική Σκηνή (Τσίλλερ)'),
	(576, 4, '2026-06-15', '17:15:00', 18.00, 'Σκηνή Νίκος Κούρκουλος'),
	(577, 4, '2026-06-15', '20:00:00', 22.00, 'Πειραματική Σκηνή - Κατίνα Παξινού'),
	(578, 4, '2026-06-15', '22:30:00', 28.00, 'Κεντρική Σκηνή (Τσίλλερ)'),
	(580, 4, '2026-06-16', '18:15:00', 15.00, 'Κεντρική Σκηνή (Τσίλλερ)'),
	(581, 4, '2026-06-16', '20:45:00', 20.00, 'Σκηνή Νίκος Κούρκουλος'),
	(584, 4, '2026-06-17', '17:00:00', 16.00, 'Πειραματική Σκηνή - Κατίνα Παξινού'),
	(585, 4, '2026-06-17', '19:30:00', 24.00, 'Σκηνή Νίκος Κούρκουλος'),
	(586, 4, '2026-06-17', '21:45:00', 26.00, 'Κεντρική Σκηνή (Τσίλλερ)'),
	(588, 4, '2026-06-18', '18:30:00', 20.00, 'Σκηνή Νίκος Κούρκουλος'),
	(589, 4, '2026-06-18', '21:00:00', 22.00, 'Κεντρική Σκηνή (Τσίλλερ)'),
	(592, 12, '2026-06-15', '18:30:00', 20.00, 'Πειραματική Σκηνή - Κατίνα Παξινού'),
	(593, 12, '2026-06-15', '21:00:00', 24.00, 'Κεντρική Σκηνή (Τσίλλερ)'),
	(596, 12, '2026-06-16', '17:15:00', 14.00, 'Σκηνή Νίκος Κούρκουλος'),
	(597, 12, '2026-06-16', '19:45:00', 18.00, 'Πειραματική Σκηνή - Κατίνα Παξινού'),
	(598, 12, '2026-06-16', '22:00:00', 22.00, 'Κεντρική Σκηνή (Τσίλλερ)'),
	(600, 12, '2026-06-17', '18:00:00', 22.00, 'Κεντρική Σκηνή (Τσίλλερ)'),
	(601, 12, '2026-06-17', '20:30:00', 20.00, 'Πειραματική Σκηνή - Κατίνα Παξινού'),
	(602, 12, '2026-06-17', '22:45:00', 18.00, 'Σκηνή Νίκος Κούρκουλος'),
	(604, 12, '2026-06-18', '17:30:00', 15.00, 'Πειραματική Σκηνή - Κατίνα Παξινού'),
	(605, 12, '2026-06-18', '20:00:00', 22.00, 'Σκηνή Νίκος Κούρκουλος'),
	(606, 12, '2026-06-18', '22:15:00', 25.00, 'Κεντρική Σκηνή (Τσίλλερ)'),
	(608, 2, '2026-06-15', '17:30:00', 30.00, 'Πλατεία Παλλάς'),
	(609, 2, '2026-06-15', '20:00:00', 45.00, 'Πλατεία Παλλάς'),
	(610, 2, '2026-06-15', '22:30:00', 45.00, 'Πλατεία Παλλάς'),
	(612, 2, '2026-06-16', '18:00:00', 25.00, 'Εξώστης Α\' Παλλάς'),
	(613, 2, '2026-06-16', '20:30:00', 35.00, 'Εξώστης Α\' Παλλάς'),
	(614, 2, '2026-06-16', '23:00:00', 35.00, 'Εξώστης Α\' Παλλάς'),
	(616, 2, '2026-06-17', '17:00:00', 32.00, 'Πλατεία Παλλάς'),
	(617, 2, '2026-06-17', '19:30:00', 48.00, 'Πλατεία Παλλάς'),
	(618, 2, '2026-06-17', '22:00:00', 48.00, 'Πλατεία Παλλάς'),
	(620, 2, '2026-06-18', '17:45:00', 28.00, 'Εξώστης Α\' Παλλάς'),
	(621, 2, '2026-06-18', '20:15:00', 38.00, 'Εξώστης Α\' Παλλάς'),
	(622, 2, '2026-06-18', '22:45:00', 38.00, 'Εξώστης Α\' Παλλάς'),
	(624, 5, '2026-06-15', '18:00:00', 20.00, 'Εξώστης Α\' Παλλάς'),
	(625, 5, '2026-06-15', '20:30:00', 35.00, 'Εξώστης Α\' Παλλάς'),
	(626, 5, '2026-06-15', '23:00:00', 35.00, 'Εξώστης Α\' Παλλάς'),
	(628, 5, '2026-06-16', '17:30:00', 30.00, 'Πλατεία Παλλάς'),
	(629, 5, '2026-06-16', '20:00:00', 45.00, 'Πλατεία Παλλάς'),
	(630, 5, '2026-06-16', '22:30:00', 45.00, 'Πλατεία Παλλάς'),
	(632, 5, '2026-06-17', '18:15:00', 40.00, 'Θεωρείο Παλλάς'),
	(633, 5, '2026-06-17', '20:45:00', 55.00, 'Θεωρείο Παλλάς'),
	(634, 5, '2026-06-17', '23:15:00', 55.00, 'Θεωρείο Παλλάς'),
	(636, 5, '2026-06-18', '17:00:00', 35.00, 'Πλατεία Παλλάς'),
	(637, 5, '2026-06-18', '19:30:00', 50.00, 'Πλατεία Παλλάς'),
	(638, 5, '2026-06-18', '22:00:00', 50.00, 'Πλατεία Παλλάς'),
	(640, 13, '2026-06-15', '17:00:00', 40.00, 'Θεωρείο Παλλάς'),
	(641, 13, '2026-06-15', '19:30:00', 40.00, 'Θεωρείο Παλλάς'),
	(642, 13, '2026-06-15', '22:00:00', 40.00, 'Θεωρείο Παλλάς'),
	(644, 13, '2026-06-16', '18:30:00', 45.00, 'Θεωρείο Παλλάς'),
	(645, 13, '2026-06-16', '21:00:00', 55.00, 'Θεωρείο Παλλάς'),
	(649, 13, '2026-06-17', '20:00:00', 40.00, 'Εξώστης Α\' Παλλάς'),
	(650, 13, '2026-06-17', '22:30:00', 40.00, 'Εξώστης Α\' Παλλάς'),
	(652, 13, '2026-06-18', '18:15:00', 30.00, 'Εξώστης Α\' Παλλάς'),
	(653, 13, '2026-06-18', '20:45:00', 45.00, 'Εξώστης Α\' Παλλάς'),
	(654, 13, '2026-06-18', '23:15:00', 35.00, 'Εξώστης Α\' Παλλάς'),
	(656, 3, '2026-06-15', '18:00:00', 15.00, 'Κεντρική Σκηνή (Μελίνα Μερκούρη)'),
	(657, 3, '2026-06-15', '20:15:00', 20.00, 'Κεντρική Σκηνή (Μελίνα Μερκούρη)'),
	(658, 3, '2026-06-15', '22:30:00', 20.00, 'Κεντρική Σκηνή (Μελίνα Μερκούρη)'),
	(660, 3, '2026-06-16', '17:30:00', 12.00, 'Κεντρική Σκηνή (Μελίνα Μερκούρη)'),
	(661, 3, '2026-06-16', '19:45:00', 18.00, 'Κεντρική Σκηνή (Μελίνα Μερκούρη)'),
	(662, 3, '2026-06-16', '22:00:00', 18.00, 'Κεντρική Σκηνή (Μελίνα Μερκούρη)'),
	(664, 3, '2026-06-17', '18:15:00', 15.00, 'Κεντρική Σκηνή (Μελίνα Μερκούρη)'),
	(665, 3, '2026-06-17', '20:30:00', 22.00, 'Κεντρική Σκηνή (Μελίνα Μερκούρη)'),
	(666, 3, '2026-06-17', '22:45:00', 22.00, 'Κεντρική Σκηνή (Μελίνα Μερκούρη)'),
	(668, 3, '2026-06-18', '19:00:00', 14.00, 'Κεντρική Σκηνή (Μελίνα Μερκούρη)'),
	(669, 3, '2026-06-18', '21:15:00', 20.00, 'Κεντρική Σκηνή (Μελίνα Μερκούρη)'),
	(670, 3, '2026-06-18', '23:30:00', 20.00, 'Κεντρική Σκηνή (Μελίνα Μερκούρη)'),
	(672, 6, '2026-06-15', '18:30:00', 15.00, 'Κεντρική Σκηνή (Μελίνα Μερκούρη)'),
	(673, 6, '2026-06-15', '20:45:00', 22.00, 'Κεντρική Σκηνή (Μελίνα Μερκούρη)'),
	(674, 6, '2026-06-15', '23:00:00', 22.00, 'Κεντρική Σκηνή (Μελίνα Μερκούρη)'),
	(676, 6, '2026-06-16', '19:15:00', 18.00, 'Κεντρική Σκηνή (Μελίνα Μερκούρη)'),
	(677, 6, '2026-06-16', '21:30:00', 25.00, 'Κεντρική Σκηνή (Μελίνα Μερκούρη)'),
	(678, 6, '2026-06-16', '23:45:00', 25.00, 'Κεντρική Σκηνή (Μελίνα Μερκούρη)'),
	(680, 6, '2026-06-17', '17:45:00', 14.00, 'Κεντρική Σκηνή (Μελίνα Μερκούρη)'),
	(681, 6, '2026-06-17', '20:00:00', 20.00, 'Κεντρική Σκηνή (Μελίνα Μερκούρη)'),
	(682, 6, '2026-06-17', '22:15:00', 20.00, 'Κεντρική Σκηνή (Μελίνα Μερκούρη)'),
	(684, 6, '2026-06-18', '18:45:00', 16.00, 'Κεντρική Σκηνή (Μελίνα Μερκούρη)'),
	(685, 6, '2026-06-18', '21:00:00', 22.00, 'Κεντρική Σκηνή (Μελίνα Μερκούρη)'),
	(686, 6, '2026-06-18', '23:15:00', 22.00, 'Κεντρική Σκηνή (Μελίνα Μερκούρη)'),
	(688, 14, '2026-06-15', '19:30:00', 18.00, 'Κεντρική Σκηνή (Μελίνα Μερκούρη)'),
	(689, 14, '2026-06-15', '21:45:00', 24.00, 'Κεντρική Σκηνή (Μελίνα Μερκούρη)'),
	(690, 14, '2026-06-15', '00:00:00', 20.00, 'Κεντρική Σκηνή (Μελίνα Μερκούρη)'),
	(692, 14, '2026-06-16', '18:30:00', 15.00, 'Κεντρική Σκηνή (Μελίνα Μερκούρη)'),
	(693, 14, '2026-06-16', '20:45:00', 20.00, 'Κεντρική Σκηνή (Μελίνα Μερκούρη)'),
	(694, 14, '2026-06-16', '23:00:00', 20.00, 'Κεντρική Σκηνή (Μελίνα Μερκούρη)'),
	(696, 14, '2026-06-17', '19:15:00', 18.00, 'Κεντρική Σκηνή (Μελίνα Μερκούρη)'),
	(697, 14, '2026-06-17', '21:30:00', 25.00, 'Κεντρική Σκηνή (Μελίνα Μερκούρη)'),
	(698, 14, '2026-06-17', '23:45:00', 25.00, 'Κεντρική Σκηνή (Μελίνα Μερκούρη)'),
	(700, 14, '2026-06-18', '17:30:00', 15.00, 'Κεντρική Σκηνή (Μελίνα Μερκούρη)'),
	(701, 14, '2026-06-18', '19:45:00', 20.00, 'Κεντρική Σκηνή (Μελίνα Μερκούρη)'),
	(702, 14, '2026-06-18', '22:00:00', 20.00, 'Κεντρική Σκηνή (Μελίνα Μερκούρη)'),
	(703, 14, '2026-06-18', '00:15:00', 15.00, 'Κεντρική Σκηνή (Μελίνα Μερκούρη)'),
	(704, 8, '2026-06-15', '19:00:00', 15.00, 'Κεντρικό Αμφιθέατρο Δάσους'),
	(705, 8, '2026-06-15', '21:30:00', 20.00, 'Κεντρικό Αμφιθέατρο Δάσους'),
	(706, 8, '2026-06-15', '23:45:00', 18.00, 'Κεντρικό Αμφιθέατρο Δάσους'),
	(708, 8, '2026-06-16', '18:30:00', 15.00, 'Κεντρικό Αμφιθέατρο Δάσους'),
	(709, 8, '2026-06-16', '21:00:00', 22.00, 'Κεντρικό Αμφιθέατρο Δάσους'),
	(710, 8, '2026-06-16', '23:30:00', 20.00, 'Κεντρικό Αμφιθέατρο Δάσους'),
	(712, 8, '2026-06-17', '19:15:00', 18.00, 'Κεντρικό Αμφιθέατρο Δάσους'),
	(713, 8, '2026-06-17', '21:45:00', 25.00, 'Κεντρικό Αμφιθέατρο Δάσους'),
	(714, 8, '2026-06-17', '00:00:00', 20.00, 'Κεντρικό Αμφιθέατρο Δάσους'),
	(716, 8, '2026-06-18', '18:45:00', 15.00, 'Κεντρικό Αμφιθέατρο Δάσους'),
	(717, 8, '2026-06-18', '21:15:00', 20.00, 'Κεντρικό Αμφιθέατρο Δάσους'),
	(718, 8, '2026-06-18', '23:45:00', 20.00, 'Κεντρικό Αμφιθέατρο Δάσους'),
	(720, 15, '2026-06-15', '18:30:00', 18.00, 'Κεντρικό Αμφιθέατρο Δάσους'),
	(721, 15, '2026-06-15', '20:45:00', 25.00, 'Κεντρικό Αμφιθέατρο Δάσους'),
	(722, 15, '2026-06-15', '23:15:00', 22.00, 'Κεντρικό Αμφιθέατρο Δάσους'),
	(724, 15, '2026-06-16', '19:15:00', 20.00, 'Κεντρικό Αμφιθέατρο Δάσους'),
	(725, 15, '2026-06-16', '21:30:00', 28.00, 'Κεντρικό Αμφιθέατρο Δάσους'),
	(726, 15, '2026-06-16', '00:00:00', 25.00, 'Κεντρικό Αμφιθέατρο Δάσους'),
	(728, 15, '2026-06-17', '18:45:00', 18.00, 'Κεντρικό Αμφιθέατρο Δάσους'),
	(729, 15, '2026-06-17', '21:15:00', 25.00, 'Κεντρικό Αμφιθέατρο Δάσους'),
	(730, 15, '2026-06-17', '23:30:00', 25.00, 'Κεντρικό Αμφιθέατρο Δάσους'),
	(732, 15, '2026-06-18', '19:30:00', 22.00, 'Κεντρικό Αμφιθέατρο Δάσους'),
	(733, 15, '2026-06-18', '21:45:00', 30.00, 'Κεντρικό Αμφιθέατρο Δάσους'),
	(736, 16, '2026-06-15', '20:00:00', 12.00, 'Μικρή Σκηνή Δάσους'),
	(737, 16, '2026-06-15', '22:00:00', 15.00, 'Μικρή Σκηνή Δάσους'),
	(738, 16, '2026-06-15', '00:00:00', 15.00, 'Μικρή Σκηνή Δάσους'),
	(740, 16, '2026-06-16', '19:30:00', 12.00, 'Μικρή Σκηνή Δάσους'),
	(741, 16, '2026-06-16', '21:30:00', 18.00, 'Μικρή Σκηνή Δάσους'),
	(742, 16, '2026-06-16', '23:30:00', 18.00, 'Μικρή Σκηνή Δάσους'),
	(744, 16, '2026-06-17', '20:15:00', 15.00, 'Μικρή Σκηνή Δάσους'),
	(745, 16, '2026-06-17', '22:15:00', 20.00, 'Μικρή Σκηνή Δάσους'),
	(748, 16, '2026-06-18', '21:00:00', 12.00, 'Μικρή Σκηνή Δάσους'),
	(749, 16, '2026-06-18', '23:00:00', 15.00, 'Μικρή Σκηνή Δάσους'),
	(750, 16, '2026-06-18', '01:00:00', 15.00, 'Μικρή Σκηνή Δάσους'),
	(752, 7, '2026-06-15', '20:00:00', 65.00, 'Κάτω Διάζωμα Ηρωδείου'),
	(753, 7, '2026-06-15', '22:15:00', 45.00, 'Άνω Κερκίδες Ηρωδείου'),
	(754, 7, '2026-06-15', '00:30:00', 40.00, 'Άνω Κερκίδες Ηρωδείου'),
	(755, 7, '2026-06-15', '02:30:00', 30.00, 'Άνω Κερκίδες Ηρωδείου'),
	(756, 7, '2026-06-16', '20:30:00', 70.00, 'Κάτω Διάζωμα Ηρωδείου'),
	(757, 7, '2026-06-16', '22:45:00', 50.00, 'Κάτω Διάζωμα Ηρωδείου'),
	(758, 7, '2026-06-16', '01:00:00', 35.00, 'Άνω Κερκίδες Ηρωδείου'),
	(760, 7, '2026-06-17', '21:00:00', 55.00, 'Άνω Κερκίδες Ηρωδείου'),
	(761, 7, '2026-06-17', '23:15:00', 80.00, 'Κάτω Διάζωμα Ηρωδείου'),
	(762, 7, '2026-06-17', '01:30:00', 60.00, 'Κάτω Διάζωμα Ηρωδείου'),
	(764, 7, '2026-06-18', '20:00:00', 65.00, 'Κάτω Διάζωμα Ηρωδείου'),
	(765, 7, '2026-06-18', '22:15:00', 65.00, 'Κάτω Διάζωμα Ηρωδείου'),
	(766, 7, '2026-06-18', '00:30:00', 45.00, 'Άνω Κερκίδες Ηρωδείου'),
	(768, 17, '2026-06-15', '20:15:00', 50.00, 'Άνω Κερκίδες Ηρωδείου'),
	(769, 17, '2026-06-15', '22:30:00', 75.00, 'Κάτω Διάζωμα Ηρωδείου'),
	(770, 17, '2026-06-15', '00:45:00', 55.00, 'Κάτω Διάζωμα Ηρωδείου'),
	(772, 17, '2026-06-16', '21:00:00', 60.00, 'Κάτω Διάζωμα Ηρωδείου'),
	(773, 17, '2026-06-16', '23:15:00', 60.00, 'Κάτω Διάζωμα Ηρωδείου'),
	(774, 17, '2026-06-16', '01:30:00', 40.00, 'Άνω Κερκίδες Ηρωδείου'),
	(776, 17, '2026-06-17', '20:45:00', 85.00, 'Κάτω Διάζωμα Ηρωδείου'),
	(777, 17, '2026-06-17', '23:00:00', 65.00, 'Κάτω Διάζωμα Ηρωδείου'),
	(778, 17, '2026-06-17', '01:15:00', 45.00, 'Άνω Κερκίδες Ηρωδείου'),
	(779, 17, '2026-06-17', '03:15:00', 40.00, 'Άνω Κερκίδες Ηρωδείου'),
	(780, 17, '2026-06-18', '20:30:00', 55.00, 'Άνω Κερκίδες Ηρωδείου'),
	(781, 17, '2026-06-18', '22:45:00', 55.00, 'Άνω Κερκίδες Ηρωδείου'),
	(782, 17, '2026-06-18', '01:00:00', 80.00, 'Κάτω Διάζωμα Ηρωδείου'),
	(783, 17, '2026-06-18', '03:00:00', 60.00, 'Κάτω Διάζωμα Ηρωδείου'),
	(784, 18, '2026-06-15', '20:45:00', 90.00, 'Κάτω Διάζωμα Ηρωδείου'),
	(785, 18, '2026-06-15', '23:00:00', 70.00, 'Κάτω Διάζωμα Ηρωδείου'),
	(786, 18, '2026-06-15', '01:15:00', 45.00, 'Άνω Κερκίδες Ηρωδείου'),
	(788, 18, '2026-06-16', '20:15:00', 55.00, 'Άνω Κερκίδες Ηρωδείου'),
	(789, 18, '2026-06-16', '22:30:00', 85.00, 'Κάτω Διάζωμα Ηρωδείου'),
	(790, 18, '2026-06-16', '00:45:00', 60.00, 'Κάτω Διάζωμα Ηρωδείου'),
	(792, 18, '2026-06-17', '20:00:00', 95.00, 'Κάτω Διάζωμα Ηρωδείου'),
	(793, 18, '2026-06-17', '22:15:00', 95.00, 'Κάτω Διάζωμα Ηρωδείου'),
	(794, 18, '2026-06-17', '00:30:00', 60.00, 'Άνω Κερκίδες Ηρωδείου'),
	(796, 18, '2026-06-18', '21:00:00', 65.00, 'Άνω Κερκίδες Ηρωδείου'),
	(797, 18, '2026-06-18', '23:15:00', 45.00, 'Άνω Κερκίδες Ηρωδείου'),
	(798, 18, '2026-06-18', '01:30:00', 100.00, 'Κάτω Διάζωμα Ηρωδείου'),
	(799, 18, '2026-06-18', '03:30:00', 80.00, 'Κάτω Διάζωμα Ηρωδείου'),
	(800, 9, '2026-06-15', '17:30:00', 15.00, 'Κεντρική Σκηνή ΔΘΠ'),
	(801, 9, '2026-06-15', '20:00:00', 22.00, 'Κεντρική Σκηνή ΔΘΠ'),
	(802, 9, '2026-06-15', '22:15:00', 20.00, 'Σκηνή Ωμέγα ΔΘΠ'),
	(803, 9, '2026-06-15', '00:30:00', 12.00, 'Φουαγιέ ΔΘΠ'),
	(804, 9, '2026-06-16', '18:15:00', 18.00, 'Σκηνή Ωμέγα ΔΘΠ'),
	(805, 9, '2026-06-16', '20:45:00', 25.00, 'Κεντρική Σκηνή ΔΘΠ'),
	(806, 9, '2026-06-16', '23:00:00', 22.00, 'Κεντρική Σκηνή ΔΘΠ'),
	(808, 9, '2026-06-17', '17:00:00', 15.00, 'Φουαγιέ ΔΘΠ'),
	(809, 9, '2026-06-17', '19:30:00', 22.00, 'Κεντρική Σκηνή ΔΘΠ'),
	(810, 9, '2026-06-17', '21:45:00', 22.00, 'Κεντρική Σκηνή ΔΘΠ'),
	(811, 9, '2026-06-17', '00:00:00', 14.00, 'Σκηνή Ωμέγα ΔΘΠ'),
	(812, 9, '2026-06-18', '18:45:00', 20.00, 'Κεντρική Σκηνή ΔΘΠ'),
	(813, 9, '2026-06-18', '21:15:00', 25.00, 'Κεντρική Σκηνή ΔΘΠ'),
	(814, 9, '2026-06-18', '23:30:00', 18.00, 'Σκηνή Ωμέγα ΔΘΠ'),
	(816, 10, '2026-06-15', '18:00:00', 20.00, 'Κεντρική Σκηνή ΔΘΠ'),
	(817, 10, '2026-06-15', '20:30:00', 25.00, 'Κεντρική Σκηνή ΔΘΠ'),
	(818, 10, '2026-06-15', '22:45:00', 18.00, 'Σκηνή Ωμέγα ΔΘΠ'),
	(820, 10, '2026-06-16', '17:30:00', 15.00, 'Φουαγιέ ΔΘΠ'),
	(821, 10, '2026-06-16', '20:00:00', 22.00, 'Κεντρική Σκηνή ΔΘΠ'),
	(822, 10, '2026-06-16', '22:15:00', 22.00, 'Κεντρική Σκηνή ΔΘΠ'),
	(823, 10, '2026-06-16', '00:30:00', 12.00, 'Σκηνή Ωμέγα ΔΘΠ'),
	(824, 10, '2026-06-17', '18:15:00', 18.00, 'Σκηνή Ωμέγα ΔΘΠ'),
	(825, 10, '2026-06-17', '20:45:00', 28.00, 'Κεντρική Σκηνή ΔΘΠ'),
	(826, 10, '2026-06-17', '23:15:00', 25.00, 'Κεντρική Σκηνή ΔΘΠ'),
	(828, 10, '2026-06-18', '17:15:00', 15.00, 'Σκηνή Ωμέγα ΔΘΠ'),
	(829, 10, '2026-06-18', '19:45:00', 22.00, 'Κεντρική Σκηνή ΔΘΠ'),
	(830, 10, '2026-06-18', '22:00:00', 22.00, 'Κεντρική Σκηνή ΔΘΠ'),
	(831, 10, '2026-06-18', '00:15:00', 15.00, 'Σκηνή Ωμέγα ΔΘΠ'),
	(832, 19, '2026-06-15', '18:30:00', 15.00, 'Σκηνή Ωμέγα ΔΘΠ'),
	(833, 19, '2026-06-15', '21:00:00', 22.00, 'Σκηνή Ωμέγα ΔΘΠ'),
	(834, 19, '2026-06-15', '23:15:00', 18.00, 'Φουαγιέ ΔΘΠ'),
	(835, 19, '2026-06-15', '01:30:00', 12.00, 'Φουαγιέ ΔΘΠ'),
	(836, 19, '2026-06-16', '19:00:00', 20.00, 'Κεντρική Σκηνή ΔΘΠ'),
	(837, 19, '2026-06-16', '21:30:00', 25.00, 'Σκηνή Ωμέγα ΔΘΠ'),
	(838, 19, '2026-06-16', '23:45:00', 20.00, 'Σκηνή Ωμέγα ΔΘΠ'),
	(840, 19, '2026-06-17', '18:45:00', 18.00, 'Σκηνή Ωμέγα ΔΘΠ'),
	(841, 19, '2026-06-17', '21:15:00', 25.00, 'Κεντρική Σκηνή ΔΘΠ'),
	(842, 19, '2026-06-17', '23:30:00', 22.00, 'Κεντρική Σκηνή ΔΘΠ'),
	(844, 19, '2026-06-18', '19:15:00', 22.00, 'Σκηνή Ωμέγα ΔΘΠ'),
	(845, 19, '2026-06-18', '21:45:00', 22.00, 'Φουαγιέ ΔΘΠ'),
	(846, 19, '2026-06-18', '00:00:00', 15.00, 'Σκηνή Ωμέγα ΔΘΠ'),
	(848, 11, '2026-06-15', '19:00:00', 35.00, 'Αίθουσα Χρ. Λαμπράκης'),
	(849, 11, '2026-06-15', '21:30:00', 50.00, 'Αίθουσα Χρ. Λαμπράκης'),
	(850, 11, '2026-06-15', '23:45:00', 30.00, 'Αίθουσα Ν. Σκαλκώτας'),
	(852, 11, '2026-06-16', '18:45:00', 25.00, 'Αίθουσα Ν. Σκαλκώτας'),
	(853, 11, '2026-06-16', '21:15:00', 55.00, 'Αίθουσα Χρ. Λαμπράκης'),
	(854, 11, '2026-06-16', '23:30:00', 45.00, 'Αίθουσα Χρ. Λαμπράκης'),
	(856, 11, '2026-06-17', '19:15:00', 35.00, 'Αίθουσα Χρ. Λαμπράκης'),
	(857, 11, '2026-06-17', '21:45:00', 60.00, 'Αίθουσα Χρ. Λαμπράκης'),
	(860, 11, '2026-06-18', '18:30:00', 30.00, 'Αίθουσα Δ. Μητρόπουλος'),
	(861, 11, '2026-06-18', '21:00:00', 50.00, 'Αίθουσα Χρ. Λαμπράκης'),
	(862, 11, '2026-06-18', '23:15:00', 50.00, 'Αίθουσα Χρ. Λαμπράκης'),
	(864, 20, '2026-06-15', '18:30:00', 15.00, 'Αίθουσα Δ. Μητρόπουλος'),
	(865, 20, '2026-06-15', '21:00:00', 25.00, 'Αίθουσα Δ. Μητρόπουλος'),
	(866, 20, '2026-06-15', '23:15:00', 30.00, 'Αίθουσα Ν. Σκαλκώτας'),
	(868, 20, '2026-06-16', '19:15:00', 20.00, 'Αίθουσα Ν. Σκαλκώτας'),
	(869, 20, '2026-06-16', '21:45:00', 35.00, 'Αίθουσα Χρ. Λαμπράκης'),
	(870, 20, '2026-06-16', '00:00:00', 30.00, 'Αίθουσα Χρ. Λαμπράκης'),
	(872, 20, '2026-06-17', '18:45:00', 18.00, 'Αίθουσα Δ. Μητρόπουλος'),
	(873, 20, '2026-06-17', '21:15:00', 25.00, 'Αίθουσα Ν. Σκαλκώτας'),
	(874, 20, '2026-06-17', '23:30:00', 25.00, 'Αίθουσα Ν. Σκαλκώτας'),
	(876, 20, '2026-06-18', '19:30:00', 22.00, 'Αίθουσα Ν. Σκαλκώτας'),
	(877, 20, '2026-06-18', '22:00:00', 40.00, 'Αίθουσα Χρ. Λαμπράκης'),
	(878, 20, '2026-06-18', '00:15:00', 30.00, 'Αίθουσα Χρ. Λαμπράκης'),
	(880, 21, '2026-06-15', '19:45:00', 12.00, 'Αίθουσα Ν. Σκαλκώτας'),
	(881, 21, '2026-06-15', '22:00:00', 20.00, 'Αίθουσα Ν. Σκαλκώτας'),
	(882, 21, '2026-06-15', '00:15:00', 18.00, 'Αίθουσα Δ. Μητρόπουλος'),
	(884, 21, '2026-06-16', '18:30:00', 15.00, 'Αίθουσα Δ. Μητρόπουλος'),
	(885, 21, '2026-06-16', '20:45:00', 22.00, 'Αίθουσα Ν. Σκαλκώτας'),
	(886, 21, '2026-06-16', '23:00:00', 22.00, 'Αίθουσα Ν. Σκαλκώτας'),
	(888, 21, '2026-06-17', '19:30:00', 18.00, 'Αίθουσα Ν. Σκαλκώτας'),
	(889, 21, '2026-06-17', '22:00:00', 25.00, 'Αίθουσα Ν. Σκαλκώτας'),
	(892, 21, '2026-06-18', '17:45:00', 15.00, 'Αίθουσα Δ. Μητρόπουλος'),
	(893, 21, '2026-06-18', '20:00:00', 20.00, 'Αίθουσα Ν. Σκαλκώτας'),
	(894, 21, '2026-06-18', '22:15:00', 20.00, 'Αίθουσα Ν. Σκαλκώτας');

-- Dumping structure for table theatre_app.theatres
CREATE TABLE IF NOT EXISTS `theatres` (
  `theatre_id` int(11) NOT NULL AUTO_INCREMENT,
  `name` varchar(100) NOT NULL,
  `location` varchar(255) NOT NULL,
  `description` text DEFAULT NULL,
  `image_url` varchar(500) DEFAULT NULL,
  PRIMARY KEY (`theatre_id`)
) ENGINE=InnoDB AUTO_INCREMENT=15 DEFAULT CHARSET=utf8mb4 COLLATE=utf8mb4_uca1400_ai_ci;

-- Dumping data for table theatre_app.theatres: ~7 rows (approximately)
INSERT INTO `theatres` (`theatre_id`, `name`, `location`, `description`, `image_url`) VALUES
	(1, 'Εθνικό Θέατρο', 'Αγίου Κωνσταντίνου 22, Αθήνα', 'Η κεντρική σκηνή του Εθνικού Θεάτρου.', 'https://www.n-t.gr/pictures/b/b_32877_national_theatre_of_greece-38.jpg'),
	(2, 'Θέατρο Παλλάς', 'Βουκουρεστίου 5, Αθήνα', 'Ιστορικό και πολυτελές θέατρο στο κέντρο της πόλης.', 'https://dynamic-media-cdn.tripadvisor.com/media/photo-o/01/7a/44/70/athens.jpg?w=400&h=200&s=1'),
	(3, 'Θέατρο Βράχων', 'Βύρωνας', 'Ανοιχτό θέατρο, ιδανικό για καλοκαιρινές παραστάσεις.', 'https://www.lifo.gr/sites/default/files/styles/max_1920x1920/public/articles/2023-06-29/braxwn.png?itok=J3JOZYKQ'),
	(6, 'Θέατρο Δάσους', 'Δάσος Σέιχ Σου, Θεσσαλονίκη', 'Ένα μαγευτικό ανοιχτό θέατρο μέσα στη φύση, ιδανικό για καλοκαιρινές παραστάσεις και αρχαίες τραγωδίες.', 'https://i.ytimg.com/vi/SgvOOo4vPuU/maxresdefault.jpg'),
	(12, 'Ωδείο Ηρώδου Αττικού (Ηρώδειο)', 'Διονυσίου Αρεοπαγίτου, Αθήνα', 'Το εμβληματικό αρχαίο ρωμαϊκό ωδείο στη σκιά της Ακρόπολης, παγκοσμίως γνωστό για τις μοναδικές παραστάσεις του Φεστιβάλ Αθηνών.', 'https://www.allovergreece.com/uploads/archaeological-sites/Herodion(02).jpg'),
	(13, 'Δημοτικό Θέατρο Πειραιά', 'Λεωφ. Ηρώων Πολυτεχνείου 32, Πειραιάς', 'Ένα πραγματικό αρχιτεκτονικό στολίδι νεοκλασικής ομορφιάς στο κέντρο του Πειραιά, από τα σημαντικότερα θέατρα της Ελλάδας.', 'https://static.euronews.com/articles/stories/04/65/83/86/1200x675_cmsv2_63acbb97-1d8e-5d73-9188-081ed8f1c0aa-4658386.jpg'),
	(14, 'Μέγαρο Μουσικής Αθηνών', 'Βασ. Σοφίας & Κόκκαλη 1, Αθήνα', 'Ένα από τα πιο σύγχρονα πολιτιστικά κέντρα διεθνώς, με εξαιρετική ακουστική και υπερσύγχρονες σκηνές.', 'https://www.megaron.gr/wp-content/uploads/2020/06/Christos-Lambrakis-Hall_c-%CE%9A%CE%B1%CF%81%CE%B1%CE%BC%CE%B1%CE%BD%CE%B9%CE%B1%CE%BD-1-site.jpg');

-- Dumping structure for table theatre_app.users
CREATE TABLE IF NOT EXISTS `users` (
  `user_id` int(11) NOT NULL AUTO_INCREMENT,
  `name` varchar(100) NOT NULL,
  `email` varchar(100) NOT NULL,
  `password` varchar(255) NOT NULL,
  `role` varchar(20) DEFAULT 'user',
  `external_id` varchar(255) DEFAULT NULL,
  `profile_picture` longtext DEFAULT NULL,
  `phone` varchar(20) DEFAULT NULL,
  PRIMARY KEY (`user_id`),
  UNIQUE KEY `email` (`email`)
) ENGINE=InnoDB AUTO_INCREMENT=8 DEFAULT CHARSET=utf8mb4 COLLATE=utf8mb4_uca1400_ai_ci;

-- Dumping data for table theatre_app.users: ~3 rows (approximately)
INSERT INTO `users` (`user_id`, `name`, `email`, `password`, `role`, `external_id`, `profile_picture`, `phone`) VALUES
	(5, 'Dimitrios Kandylis', 'dmts@.com', '$2b$10$v3vKuG4a5.Cyc7OY3isvU.xT/Ian/8gefufljWkP6CFcaNdD.yti6', 'user', NULL, NULL, NULL),
	(6, 'Dimitrios Kandylis', 'dmtrskandylis@gmail.com', 'OAUTH_USER_NO_PASSWORD', 'user', 'google-oauth2|107160485525514693636', 'data:image/jpeg;base64,/9j/4AAQSkZJRgABAQAASABIAAD/4QCARXhpZgAATU0AKgAAAAgABQESAAMAAAABAAEAAAEaAAUAAAABAAAASgEbAAUAAAABAAAAUgEoAAMAAAABAAIAAIdpAAQAAAABAAAAWgAAAAAAAABIAAAAAQAAAEgAAAABAAKgAgAEAAAAAQAABJugAwAEAAAAAQAABJoAAAAA/+0AOFBob3Rvc2hvcCAzLjAAOEJJTQQEAAAAAAAAOEJJTQQlAAAAAAAQ1B2M2Y8AsgTpgAmY7PhCfv/iAihJQ0NfUFJPRklMRQABAQAAAhhhcHBsBAAAAG1udHJSR0IgWFlaIAfmAAEAAQAAAAAAAGFjc3BBUFBMAAAAAEFQUEwAAAAAAAAAAAAAAAAAAAAAAAD21gABAAAAANMtYXBwbAAAAAAAAAAAAAAAAAAAAAAAAAAAAAAAAAAAAAAAAAAAAAAAAAAAAAAAAAAAAAAACmRlc2MAAAD8AAAAMGNwcnQAAAEsAAAAUHd0cHQAAAF8AAAAFHJYWVoAAAGQAAAAFGdYWVoAAAGkAAAAFGJYWVoAAAG4AAAAFHJUUkMAAAHMAAAAIGNoYWQAAAHsAAAALGJUUkMAAAHMAAAAIGdUUkMAAAHMAAAAIG1sdWMAAAAAAAAAAQAAAAxlblVTAAAAFAAAABwARABpAHMAcABsAGEAeQAgAFAAM21sdWMAAAAAAAAAAQAAAAxlblVTAAAANAAAABwAQwBvAHAAeQByAGkAZwBoAHQAIABBAHAAcABsAGUAIABJAG4AYwAuACwAIAAyADAAMgAyWFlaIAAAAAAAAPbVAAEAAAAA0yxYWVogAAAAAAAAg98AAD2/////u1hZWiAAAAAAAABKvwAAsTcAAAq5WFlaIAAAAAAAACg4AAARCwAAyLlwYXJhAAAAAAADAAAAAmZmAADypwAADVkAABPQAAAKW3NmMzIAAAAAAAEMQgAABd7///MmAAAHkwAA/ZD///ui///9owAAA9wAAMBu/8AAEQgEmgSbAwEiAAIRAQMRAf/EAB8AAAEFAQEBAQEBAAAAAAAAAAABAgMEBQYHCAkKC//EALUQAAIBAwMCBAMFBQQEAAABfQECAwAEEQUSITFBBhNRYQcicRQygZGhCCNCscEVUtHwJDNicoIJChYXGBkaJSYnKCkqNDU2Nzg5OkNERUZHSElKU1RVVldYWVpjZGVmZ2hpanN0dXZ3eHl6g4SFhoeIiYqSk5SVlpeYmZqio6Slpqeoqaqys7S1tre4ubrCw8TFxsfIycrS09TV1tfY2drh4uPk5ebn6Onq8fLz9PX29/j5+v/EAB8BAAMBAQEBAQEBAQEAAAAAAAABAgMEBQYHCAkKC//EALURAAIBAgQEAwQHBQQEAAECdwABAgMRBAUhMQYSQVEHYXETIjKBCBRCkaGxwQkjM1LwFWJy0QoWJDThJfEXGBkaJicoKSo1Njc4OTpDREVGR0hJSlNUVVZXWFlaY2RlZmdoaWpzdHV2d3h5eoKDhIWGh4iJipKTlJWWl5iZmqKjpKWmp6ipqrKztLW2t7i5usLDxMXGx8jJytLT1NXW19jZ2uLj5OXm5+jp6vLz9PX29/j5+v/bAEMADw8PDw8PGg8PGiQaGhokMSQkJCQxPjExMTExPks+Pj4+Pj5LS0tLS0tLS1paWlpaWmlpaWlpdnZ2dnZ2dnZ2dv/bAEMBEhMTHhweNBwcNHtURVR7e3t7e3t7e3t7e3t7e3t7e3t7e3t7e3t7e3t7e3t7e3t7e3t7e3t7e3t7e3t7e3t7e//dAAQASv/aAAwDAQACEQMRAD8A0qKWivSOISilooASilooASilooASilooASilooASilooASilooASilooASilooASilooASilooASilooASilooASloooAKKKKAEopaKAEopaKACkpaKAEopaKACiiigBKWiigBKKWigBKKWigBKKWigBKWiigBKKWigBKKWigBKKWigBKKWigBKKWigBKKWigBKKWigBKKWigBKKWigBKKWigBKKWigBKKWigBKKWigBKKWigBKKWigBKKKWgBKKWigBKKWigBKKWigBKKWigBKKWigBKKWigBKKWigBKKWigBKKWigBKKWigBKKWigBKKWigBKKWigBKKWigBKKWigBKKWigBKKWigBKKWigBKKWigBKKWigBKKWigBKKWigBKKWigAooooAKSlooAKKKKACiiigApKWikAlFLRQAlFLRQAUUUUAFJS0UAf/9DTooor0jiCiiigAooooAKKKKACiiigAooooAKKKKACiiigAooooAKKKKACiiigAooooAKKKKACiiigAooooAKKKKACiiigAooooAKKKKACiiigAooooAKKKKACiiigAoopaAEooooAKKKKACiiigAooooAKKKKACiiigAooooAKKKKACiiigAooooAKKKKACiiigAooooAKKKKACiiigAooooAKKKKACiiigAooooAKKKKACiiigAooooAKKKKACiiigAooooAKKKKACiiigAooooAKKKKACiiigAooooAKKKKACiiigAopaKAEopaSgAooooAKKKWgBKKWigBKKWigBKKWigBKKWkpAFFLRQAlFLSUAFFLRQAlFLRQAlFLRQAlFLRQAlFLSUAFFLRQAlFLSUAf//R1KSlor0jiCiiigAooooAKKKKACiiigAooooAKKKKACiiigAooooAKSlooAKKKKACiiigAooooAKKKKACiiigAooooAKKKKACiiigAooooAKKKKACiiigAooooAKKKKACiiigAooooAKKKKACiiigAooooAKKKKACiiigAooooAKKKKACiiigAooooAKKKKACiiigAooooAKKKKACiiigAooooAKKKKACiiigAooooAKKKKACiiigAooooAKKKKACiiigAooooAKKKKACiiigAooooAKKKKACiiigAooooAKKKKACiiigAooooAKKKKACiiigAooopAFFFFABRRRQAUUUUAFFFFABRRRQAUUUUAFFFFABRRRQAUUUUAFFFFABRRRQAUUUUAFFFFAH/9LUoopa9I4hKKWkpAFFFLQAlFFFMAopaKAEoopaAEopaKAEopaKAEopaKAEooooAKKWkoAKKKKACilooASilooASilpKACiiigAopaKAEopaKAEopaKAEopaKAEopaKAEopaKAEopaKAEopaKAEopaKAEopaKAEopaKAEopaKAEopaKAEopaKAEopaKAEopaKAEopaKAEopaKAEopaKAEopaKAEopaKAEopaKAEopaKAEopaKAEopaKACiiikAlLRRQAUUUUAJRS0UAJRS0UwEopaKAEopaKAEopaKAEopaKAEopaKAEopaKAEopaKAEopaKQBSUtFACUUtFACUUtFACUUtFACUUtFABRRRQAUUUUAFFFFABSUtFACUtFFABRRRQAUUUUAFFFFABRRRQAUUUUAFFFFABRRRQAlLRRQAUUUUAFFFFAH/09WiiivROIKKKKACiiigAooooAKKKKACiiigAooooAKKKKACiiigAooopgFFFFIAooooAKKKKACiiigAooooAKKKKACiiimAUUUUAFFFFIAooooAKKKKACiiigAooooAKKKKACiiigAooooAKKKKYBRRRSAKKKKACiiigAooooAKKWigBKKWigBKKWkoAKKKKACilpKACilpKACiiigAooooAKKKKACiiigAooooAKKKKACilooASilpKACiiigAooooAKKKKACiiigAooooAKKWigBKKKKACiiigAopaKAEopaKAEooooAKKKWgBKKWkoAKKKKACilooASilooASilpKACiiloASilooASilooASilooASiiigAoopaAEopaKAEopaKAEopaKAEopaKAEopaKAEopaSgD//1NWilor0TiCiiigBKWiigBKKWigBKKWigApKWigApKWigBKKWigApKWigBKKWigApKWigBKKWigBKKWigAooooAKSlooASilooASloooAKKKKAEpaKKACiiigAooooAKKKKACiiigAooooAKKKKACiiigAooooAKKKKACiiigAooooAKKKKACiiigAooooAKKKKACiiigAooooAKKKKACiiigAooooAKKKKACiiigAooooAKKKKACiiigAooooAKKKKACiiigAooooAKKKKACiiigAooooAKKKKACiiigAooooAKKKKACiiigAooooAKKKKACiiigAooooAKKKKACiiigAooooAKKKKACiiigAooooAKKKKACilpKACiiigAooooAKKKKACiiigAooooAKKKKAP/1dailor0TiEopaKAEooooAKKKWgBKKKWgBKKWigBKKWkoAKKWkoAKKWkoAKKWkoAKKKWgBKKWkoAKKKKACiiigAopaSgAopaKAEopaKAEopaKAEopaKAEopaKAEopaKAEopaKAEopaKACiiigAooooAKSlooAKKKKAEpaKKACiiigBKKWigApKWigBKKWigAooooAKKKKACiiigAooooAKKKKACiiigAooooAKKKKACiiigAooooAKKKKACiiigAooooAKKKKACiiigAooooAKKKKACiiigBKWiigApKWigAooooAKSlooASilooAKKKKACiiigBKKWigAooooAKKKKACkpaKAEopaKACiiigAooooAKKKKACiiigAooooAKKKKACiiigAooooAKKKKACiiigAooooAKKKKAP//W16KKK9E4gooooAKKKKACiiigAooooAKKKKACiiigAooooAKKKKACiiigAooooAKKKKACiiigAooooAKKKKACiiigAooooAKKKKACiiigAooooAKKKKACiiloASilooASiiloASilpKACiiigAopaKAEopaKAEopaKAEopaKAEopaKAEoopaAEopaKAEopaKAEopaKAEopaKAEopaKAEopaKAEopaKAEopaKAEopaKAEopaKAEopaKAEopaKAEopaKAEoopaAEopaKAEopaKAEopaKAEopaKAEopaKAEopaKAEopaKAEopaKAEopaSgAoopaAEopaKAEopaKAEopaKAEopaKAEopaKAEopaKAEopaKAEopaKAEopaKAEopaKAEopaKAEopaKAEopaKQCUUtFACUUtFMBKKWikAlFLRQAUUUUAf//X2KKKK9E4gooooAKKKKACiiigAooooAKKKKACiiigAooooAKKKKACiiigAooooAKKKKACiiigAooooAKKKKACiiigAooooAKKKKACiiigAooooAKKKKACiiigAooooAKKKKACiiigAooooAKKKKACiiigAooooAKKKKACiiigAooooAKKKKACiiigAooooAKKWkoAKKKWgBKKKWgBKKWkoAKKWkoAKKKKACiiloASiiigAooooAKKKKACiiigAooooAKKKKACiiigAooooAKKKWgBKKKKACiiigAooooAKKKKACiiigAopaKAEooooAKKWkoAKKKKACilooASiiloASiiigAopaKQCUUtJTAKKWikAlFLRQAlFLRQAlFLRQAlFLRQAlFLRQAlFLRQAlFLRQAlFLRQB//Q2KWiivROIKSlooASloooASilooASilooAKSlooASilooASilooASilooASilooASilooASilooASilooASilooASilooAKKKKAEpaKKACiiigAooooAKKKKACiiigAooooAKKKKACiiigAooooAKKKKACiiigAooooAKKKKACiiigAooooAKKKKACiiigAooooAKKKKACiiigAooooAKKKKACiiigAooooAKKKKQBRRRTAKKKKACiiigAooooAKKKKACiiigAooooAKKKKACiiigAooooAKKKKACiiigAooopAFFFFABRRRQAUUUUAFFFFABRRRQAUUUUAFFFFABRRRQAUUUUAFFFFABRS0lABRRRQAUUUUAFFFFABRS0UAJRS0UAJRS0UAJRS0UAJRS0UAJRRRQB//R2aKWivQOISilooASilooASilopgJRS0UAJRS0UgEopaKAEopaKAEopaKAEopaKYCUUtFACUUtFACUUtFACUUtFIBKKWigBKKWigBKKWigBKKWigBKKWigBKKWigBKKWigBKKWigAooooAKKKKACiiigAooooAKKKKACkpaKAEpaKKACiiigAooooAKKKKACiiigAooooAKKKKACiiigAooooAKKKKACiiigAooooAKKKKACiiigAooooAKKKKACiiigAooooAKKKKACiiigAooooAKKKKACiiigAooooAKKKKACiiigAooooAKKKKACiiigAooooAKKKKACiiigAooooAKKKKACiiigAooooAKKKKACiiigAooooAKKKKACiiigAooooAKKKKACiiigAooooAKKKWgD/0tqilor0DiEoopaAEopaKAEopaKAEopaKAEopaKAEoopaAEopaKAEopaKAEopaSgAoopaAEooooAKKWigBKKWigBKKWigBKKWigBKKWigBKKWigBKKWigBKKWigBKKWigBKKWigBKKWigBKKWigBKKWigBKKWigBKKWigBKWiigBKKWigBKKWigBKKWigBKKWigBKKWigBKKWigBKWiigAooooAKKKKACiiigAooooAKKKKACiiigApKWigAooooAKKKKACiiigAooooASloooAKKKKACiiigAooooAKKKKACiiigApKWigBKWiigAooooAKKKKACiiigApKWigAooooAKKKKACiiigAooooAKKKKACiiigAooooAKKKKACiiigAooooAKKKWgBKKKKACiiigAooooAKKKKACiiigD//09uiiivQOIKKWkoAKKKKACiiigAooooAKKWigBKKWigBKKWkoAKKKKACilpKACiiloASilooASilooASilooASilooASilooASiiigAopaSgAopaKAEopaKAEopaKAEopaKAEopaKAEopaKAEopaKAEopaKAEopaKAEopaKAEopaKAEopaKAEopaKAEopaKAEopaKAEopaKAEopaKAEpaKKACkpaKAEopaKAEopaKACkpaKAEopaKACkpaKAEpaKKAEpaKKAEpaKKAEopaKAEpaKKACiiigAooooAKKKKACkpaKACiiigAooooAKKKKAEpaKKACiiigApKWigApKWigAooooAKKKKACiiigAooooAKKKKACiiigAooooAKKKKACiiigAooopAFFLRTASilpKQBRRRTAKKKKQBRRRTAKKKKAP/9Tcooor0DiCiiigAooooAKKKKACiiigAooooAKKKKACiiigAooooAKKKKACiiigAopaKAEopaSgAooooAKKKKACiiigAooooAKKKKACilooASilooASiiigAopaKAEopaKAEopaKAEopaKAEopaKAEopaKAEopaKAEopaKAEopaKAEpaKKACiiigAooooASloooAKKKKACiiigAooooAKKKKACiiigAooooAKKKKACiiigAooooAKSlooASilooASloooASloooAKKKKACiiigAooooASloooASilooASilooASilooAKKKKAEopaKAEopaKAEopaKAEopaKACiiigAooopAFFFFABRRRQAUUUUAFFFFABRRRQAUUUUAFFFFABRRRQAUUUUAFFFFABRRRQAUUUUAFFFFAH/1d2iiivQOIKKKKACiiigAooooAKKKKACiiigAooooAKKKKACiiigAooooAKKKKACiiigAooooAKKKKACiiigAopaKAEopaKAEopaKAEopaKAEopaKAEooooAKKKWgBKKKWgBKKWigBKKKKACilooASilooASilooASilooASilooAKKKKACiiikAUUUUwCilooASilooASilooASilooASilopAJRS0UAJRS0UAJRS0UAJRS0UwEopaSgAooooAKKKKACiiikAlFLRQAlLRRQAUUUUAFFFFACUUtFACUUtFACUUtFACUUtFABRRRQAlFLRQAlFLRQAlFLRQAlLRRQAUlLRQAUUUUAFFFFACUUtFACUUtFABRRRQAUUUUAFFLSUAFFFFABRRRQAUUUUAFFFFABRRRQAUUUtACUUtFAH//1t6iiiu84gooooAKKKKACiiigAooooAKKKKACiiigAooooAKKKKACiiigAooooAKKKKACiiigAooooAKKKWgBKKWigBKKKWgBKKWigBKKWigBKKWigBKKWigBKKWigBKKWigBKKWigBKKWigBKKWigApKWigBKKWigBKKWigAoopaAEopaKAEopaKAEopaKAEopaKAEopaKAEopaKAEopaKAEopaKAEopaKAEopaKAEopaKAEopaKAEopaKAEopaSgAooooAKSlooASloooASloooAKKKKACiiigAooooAKKKKACiiigAooooAKKKKACiiigAooooAKKKKACiiigAooooAKKKKACiiigAooooAKKKKACiiigAooooAKKKKACiiigAooooAKKKKACiiigAooooAKKKKACiiigZ//X36KWiu84hKKWigBKKKKACiiigAooooAKKWkoAKKKKACiiigAooooAKKKKACiiigAooooAKKWkoAKKWigBKKKWgBKKWigBKKWigBKKWigBKKWigBKKWigBKKWigBKKWigBKKWigBKKWigBKKWigBKKWigBKWiigAooooAKKKKACilooASilooASilooAKKKWgBtFLSH2oAUUUDkUg9aAFoqvLd20J2yyKv41UfV7GMZ80N7DOf5UrgaROKK5ufxDbgfuFYn34rPbxDL1jQD1zS50Vys7SlrkrfxI/3bhAR6jrW/b6jbXPCMA3ofehST2E1bcvUVGHUggHkHbx7UqtvyPQ9qoQ+im5yeO1OoAKKWjrQAlFLRQAlJS0UAJRS0UAJRS0lABRRRQAUUUUAFFFFABRRRQAUlLRQAlLRRQAlFLRQAUUUUAFFFFABRRRQAUlLRQAUUUUAFFFFABRRRQAUUUUAFFFFABRRRQAUUUUAFFFFABRRRQAUUUUAFFFFABRRRQAUUUUAFFFFAwooooEFFFLQMSiiloASilpKAP/0OgooorvOIKKWkoAKKKWgBKKKKACiiigAopaSgAopaKAEooooAKKKKACiiigAopaKAEopaKAEooooAKKWigBKKWigBKKWigBKKWigBKKWigBKKWigBKKWigBKKWigBKKWigBKKWigBKKWigBKKWigBKKWigBKKWigAooooAKKKKACilooASlopaAEopaKAEoozUM1wkCeZIeKQEhOASTwOtU3v7RCR5gJHoK42/1O5u2K7yseeFHA/8Ar1lfKOO9Zup2NFBneS6zZxIcPluwArDutdmdSkA2D1Nc+FNLtJ561LmylTQjSEks5Jpu/I6UFD6U36VBdhMk80HP50Fzmjg9KBiDrUyzFTkcVF0H1pMigRrRak8bFtx3E11Fnq0DxBWIV2BzmuC7UodlO4mqUmiJQvselxXEbkCL5s9W7VZ3pgYOc151b3kkRBU9Ox6Gt1NaiXAIPvgfp1rRT7kOLR1gINA7j3qhb3a3C79yqPTNWVcMcA1ZBPRQMDgUtMBKKWigBKKKKAEopaKAEopaKAEooooAKKKKACiiigAooooAKKKKACiiigAooooGFFFFABRRRQAUUUUAFFFFABRRRQAUUUUAFFFFABRRRSAKKKKACiiigAooooAKKKWgBKKKWgBKKWkoAKKKKACiiigAooooAKKWigBKKWigBKKWigBKKWigD//R6GiilrvOMSilooASilpKACiiigAooooAKKWigQlFLSUAFFLRQAlFLRQAlFLRQAlFLRQAlFLRSASilopgJRS0UAJRS0UAJRS0UAJRS0UAJRS0UAJRS0UAJRS0UAJRS0UAJRS0UAJRS0UAJS0UUAFJS0UAFFFFABRRS0AJRS0UgEopaKYCUUtFABR3oo4pABpDnNHPTFZGq3xtIMggM3Sk3YaQ671S2t8oo8yT0B6fU1x19fzXcmZeBn7o6VTkkJ+8evJqtuO7OKycmzWMBXb5uKM5IxTQATxxTxgVBoLwOpNNz2GaQt6n8KQAMcigBwTqV7etOIJwFHJ7Uvz7NoPHWmLnk44FAEJJzSqTg4p0nJ3Z5PWmL1oGTA7xk0w8UwHac1Ie2O9Ahu6lzQV4zUZoAmA96kzkVWycVKpoAsRTvCwdTgit+31q4BBfa2e5rmSSRSpkcCmm0S4pnpdreJNEJGPWriuGGRXB6dqUsMixO2UbA69Peu1imidf3bhyPTk/pW0ZXMZKxazRSZ+tOqiRKKWkoAKSlooASilooASilooASilpKACilpKACiiigAooooGFFFFABRRRQAUUUUAFFFFABRRRQAUUUtACUUUtACUUUtACUUtJQAUUUtACUUtFACUUtFACUUtFACUUtFACUUtFACUUtFACUUtFACUUtFACUUtFACUUtFACUUUtACUUUtACUUtFAH//0uiopaK7jjEopaKAEopaKAEopaKAEopaKAEopaKAEopaKAEopaKAEopaKBCUUtFACUUtFACUUtFAxKKWigQlFLRQMSilooEJS0UUAJRS0UAJRS0UAJRS0UAJS0UUAFFFFABRRRQAUUUUAFFFFABRRRQAUUUtACUUUtACUUtFACUtFFABRS0UAJSEU6mlgOTQBG42qWJwB6f/AF64XVbpbu4PltlE4H9TVvWNTa4b7NF8qg8j1PvWEQAv86ylK5rCPUgfBwBTeBzTmIzgVFI1ZmohbnFNJPQUzPejNAx1PD7cYGaj4PWncYoAlMm89OPem/LzTQB60EgHjkUgEOKRcg5H0o7Zoz6UAJjtTgQMA0DB69qGI49qAJhtwoI+tQEc1KzAtgdKjJ5oAbTl9KXHBNDIcbhTEKDzUgJJyOoqMkdaD6CgCYndz0NWbe6a3fIXuKzgSpzUpoE1c72w1KO54jyD3BrcAk6kCvL7aQxSK/pXoWnyRzQhkPNbRlcxlGxoc0UuCOtFWSJRS0lAgooooASilooASilooASilooGJRS0UAJRS0lABRS0UAJRS0UAJRRRQAUUUtACUUtFACUUtFACUUtFACUUtFACUUtFACUUtFACUUtFACUUtFACUUtFACUUtFACUUtFACUUtFACUUtFACUUtFACUUtFACUUtFACUUtFACUUtFACUUtFAH//0+jopaK7jjEopaKAEopaKAEopaKAEopaKAEopaKAEopaKAEopaKAEopaKAEopaKAEopaKAEpaKKBBRRRQAUUUUDCkpaKAEpaKKACiiigAooooAKKKKBBRRRQAUUUUAFFFFAwooooEFFFLQAlFLRQAlFLRQAlFLRQAlFLRQAUUUUAHNHNLSE0AIQfXiuf1rUBAv2eF8SN97/ZH+JrRv71bW3aU/QfWvPJZS7s7nJJyTWc5dDSEbgSWJxUEknGBTS2Scd6ibrWRsPBxzUTcml3HFNNIYlLSUtMApRTaXNIB1IT2ozSUAL2opKKAFopKKAHfw/jSUlFAEvO32qeMeYgTPPAqsGwCOxq1aJuZlPHANAERiKlkPUUu0gAkVcnRmfjkgZzTSoUCNsdKLhYpNg8UwE044DD6c0wUxE8bc+4rp9Jv0ibbnaW6g9D/hXKjIwRVlSV+ZadxNXPUkbcNy55p9YGk3aSRKoIzjpnpW8AfXIrZO5ztWFopaKoBKKKKACkpaKAEopaKAEopaKAEopaKAEopaKAEopaKAEopaKAEopaKAEopaKAEopaKAEopaKAEopaKQCUUtFACUUtFACUUtFACUUtFACUUtFACUUtFACUUtFACUUtFACUUtFACUUtFACUUtFACUUtFACUUtFACUUtFACUUtFACUUtFAH/1OkopaK7TjEopaKAEopaKYCUUtFIBKKWigBKKWigBKWiigBKKWigBKKWigBKKWigBKKWigAooooAKKKKACiiigAooooAKKKKACiiigAooooAKKKKACiiigAoopaAEopaSgAopaKAEopaKAEopaKAEopaKACiiigAooooAKKKWgBP0qJyQMetS4zWbqMwt7dpAOR3pNgkcrrF4bibylJ2J29/WueY1ZkYnLNyTVRutYHQlYZux0603r0qUIMcc08oMgCkUV6SpHQo200zBoAbS+9O2mlxQBHRTttKVPbmgBtFFFABRRiigAoo5ooAKKKXFACjrV6B/wB5KP4iOPw61UVSanjUxyFz6fzpDLPLROQct2x6ZxUczI75T+FsD6U4KSEA4LZJPoKr+qxjjp+NADZlIlJ9gfwqPacmrAXzG3HooxT1UMhf3AP5UxFYdMd6kB5xQybc/Wo1b5qANOxuzbzhiMg9q9FgdJYxJH+NeWIe9dxoMzSxFCeV/UVcHrYymup0VJS4orYyEooooAKKKKACiiigAooooAKKKKAEopaKAEopaKAEopaKAEopaKAEpaKKAEopaKAEopaKAEopaKAEopaKAEopaKAEopaKAEopaKAEopaKAEopaKAEopaKAEpaKKAEopaKAEopaKACiiigAooooAKSlooASilooASilooAKSlooA//1emooortOMKKKKACiiigBKKWigBKKWigAooooAKKKKACiiigAooooAKKKKACiiigAopaSgAopaSgAooooAKKWigBKKWigBKKWigBKKWigBKKWigBKKWigBKKWigBKKWigBKKWigBKKWigBKKWigBKWiigAooooAKKKKACiiloAK4zXrjdMIB0Xk/WuzOR0rznU3L3crHjLGs5suC1M6X7v1quBmp25x9KI0+XmsjcjGTinjOeKeiZbAqcJ8x9KB2Khj3HNHljPP5Vb2Hr61IkYJyam47FF02qSarEY4/OtC5G1FB7mqIG7LU0JjB60vztxT1XNWVVQo9fahsEioIzTSAKuMCevFRmBgcsMD3ouOxXxngU7aF6mpsAdO1N2Z5ouKwzZnheaQxsDjrVsIzHBGAOwqcRZ9qVx2M5YiTUyQbjjtV0R9gKmCBV4pXGokAjAGMUpiZU3CphnjFX/JJjEeOeppXK5TMiAEbA5LMMU0oseUI4zgH61vw2GY9z8Vk3sflnC/WhSuJxsUrYL5j56Z/OmEBFK9mP8qajbNo9Tk1IShXJ7KR+OKsggfmP36VVUY6VZT7pB781EBgkUxD04NdT4elCzFARn0Pce1cvFjJU1q6VxdDnBXpTW5MloejdaKji3lQX6+1SV0HOJRS0UAJRS0UAJRS0lABRRS0AJRRRQAUUUUAFFFFABRRRQAUUUUAFFFFABRRRQAUUUUAFFFFABRRRQAUUUUAFFFFABRRRQAUUUUAFFFFABSUtFABRRRQAUUUUAFFFFABRRRQAUUUUAFFFFIApKWigAooooAKKKKAP//W6eiiiu04wooooAKKKKACiiigAooooAKKKKACiiigAooooAKKKWgBKKWigBKKWigBKKWigBKKWigBKKWigBKKWigBKKWigBKKWigBKWiikAUlLRTASilopAJRS0UwEpaKKAEpaKKQBRRRQAUUUUAFFFLQAlFLRQAlFLRTASiilpALjIrzTVz/AKXLj++R+Vel5KqSBk9q8svGMjlz1LEmspmtMgX5lFW0hO3NMtYtxGa2kiAWs2bJGRGm1gfXIq2kdTNBxhfr+NSxxHP0qWy0iNogFH50LCAP1q1IuMCjGfxqblWMa/X5BiqEceUzWtqCDAxVaFNoZfQ5FUnoQ1qV0ibZ9eanihyNp61Y209VHp0pNjSFSFUGccjvVaVfMY5rQJO3HrUWzPHapuXYoLalznoo/WpfIG72HatBgCAo7VHtp8wuUhEeKcEqbFLtJpXHYh2+lL5bGrMcZJ5q8IABxSuOxloArYIrXgaMdOp71SkjAaozuTkUnqUtDf3rswK5+8i8wtVqK4yMHrUcpBBNTHRjlqjnJ18txjtVdpCRt71oXY3CsxutdCOZkinIxUfOc05Oh/CjA4we1USKMFq1tOYRXUcp+6eD9Kx1OGrWsGX7Qgk+7nkUxM9IUBVAXp1BpaZHgKApyBwKfW6OYSilooASilooASilooASilooASilooASilpKACiiloASiiigAooooAKKKKACiiloASiiigAooooAKKKKACiiigAooooAKKKKACiiigAooooAKKKKACiiloASilooASilooASilooASilpKACiiigAooooAKKKKACiiigD//X6iilpK7DjCilooASilooASilooASilooASilooASilooASilooASilooASilooASilooASilooASilooASloooAKKKKACkpaKAEpaKKACiiigAooooAKKKKACiiigAooooAKKKWgBKKWigBKKWigBKKWigBKKWigBKKWigBKWiigByj+VeYXMLRzPE/VXNeoL1rzu7QtfSZ67yeayma0xIExgDtWmBhaihi5/WrRHasmdCGooByRmnlQ75xipY+BSEjOB1rNmiRXmUZBFQ5qzJgLVJjTQMilXeajEXNT4NOwRTJIfLqQR1Mibq0reBccipbLSKkNjJJy3Aq8ulrjGa1Y0Aq0qg1k5F8pz40wZ5OKU6egFdGYgwqF4qOYdkYH2aAHkCl8qFPuir89tkZFYsu+M4NO4WHlBuyKmHSq0cgarIpMEVpl71AVyuKtS9KrA00JlBso1PEuRtNOmXPNVORWm5myG4rNdDmtRxu5qu8eDkVaM5FRBgUhUfjVjZ+tROCDnvVkkJzwK2dNQTTrHyCe49ayCOhFdF4fj33Y/wBnmmiXsdtbhxEN/X2qalwAMDiitkcw2ilopgJRS0UAJRS0UDEopaKAEopaKAEopaKAEopaKAEopaKAEopaKAEopaKAEopaKAEopaKAEopaKAEopaKAEopaKAEopaKAEopaKAEopaKAEopaKAEopaKAEopaKAEopaKAEopaKAEopaKAEopaKAEopaKAEopaKAEopaKAEopaKAP/0OpopaK7DkEopaKAEopaKAEopaKAEopaKAEopaKAEopaKAEopaKAEopaKAEopaKACkpaKAEopaKBCUtFFABRRRQAUUUUAFFFFABRRRQAUUUUAFFFFABRS0UAJRS0UAJRS0UAJRS0UAJRS0UgEopaKAEopaKYxKKWigBKKWigQUUUtIBVrk9VhCankdHArrBWRrMIKw3A6q+D9KiRpB6maiYFBGTVhlxUajmsGdUQAqE9SatEALzVKRgOlQaEUhycVHtpQaeMGmSIqgU08mpO1JjmgZLGmOlbVtGcZrJQ4FattNxis5GkUXWUjpT49woEgIzTS+OlZllsPgUu4dqoeZigzcUri5SeXBHFZc8AYc1c3E0OAaExnMSRmJsipUkyKt3aoucmsrJHK1ra5F7FtzkVVzzTvMyKhzzQkJsVxkVVK1aJqIjmrRLISncVFItXgOKhkWqRDKJX1qtMuDmtBlG2q0q5q0Zsz+hrsPDMLEvPnGOBXJEc133h2Ix2ZJ/i5q1uZzehv0lLRWpiJRS0lABRRRQAUUUUAFJS0UAJRS0UAJRS0UAJRS0UAJRS0UAJRS0UAJRS0UAJRS0UAJRS0UAJRS0UAJRS0UAJRS0UAJRS0UAJRS0UAJRS0UAJRS0UAJRS0UAJRS0UAJRS0UAJRS0UAJRS0UAJRS0UAJRS0UAJRS0UAJRS0UAJRS0UAf/R6qilorrOQSilooASilooASilooAKKKKACiiigAooooAKKKKACiiigAooooAKKKKACiiigAooooAKKKWgBKKWigBKKWigBKKWigBKKWigBKKWigBKKWigBKKWigBKKWigBKKWigApKWigBKKWigBKKWigAooooAKKWkoAKKWigAqtqEfmWMn+zhvyNWqSVN8Eif3lIqZDjuc+x+WkXHWmyuEjDN0xWHcajIFKoABWDR1p2NK5vI0ytZLXascisqSZ5D8xzUW9hSSByNkXHvUgl/GsLzWpyzkGm0JM6NJM1MpzWFHdYbmtWKUMKhmiZdB4qxE+KqA1YjAPWs2ao1Fk4p5kzWZ5hjO00x7kKOTWdi7l9n9KiefZyxx9ayp7zam5TWHNeyv3q1AzlM6v+1EQ8VDLq24fKcfhXH+fJ/ep/mu4wM/hWipmfObFxeGQbiQazVumU8GoRBK/AGB71J9ibuf0qrIm7JDeNnpVqCdZenB9KomzZR1pib4XDEUWQ02bRGKb1pysHXIoxzUlCimuBin9qQjIqiSsVyKrMv61cxzioWA3c1SIZnFCXx716dZQfZ7SOL0WuBt4TJeRoO7CvScY4rWJhU7DaKWirMxtFLRTASilooASiiigAooooAKKKKACiiigAooooAKKKKAEopaKAEopaKAEopaKAEopaKAEopaKAEopaKAEopaKAEopaKAEopaKACkpaKAEopaKAEopaKAEpaKKACiiigAooooAKSlooASloooAKKKKAEopaKAEpaKKAEpaKKAP/9LrKKKK6zkCiiigAooooAKKKKACiiigAooooAKKKKACiiigAooooAKKKKACiiigAopaKAEopaSgAopaKAEopaKAEopaKAEopaKAEopaKAEopaKAEopaKQCUUtFACUUtFACUUtFACUtFFABRRRQAUUUUAFFLRQAlFLRQAlLRS0AFSKM8etMqROoqWBxOoqxjCjtWIbd24INdNdR7y2fU/wA6qbAOlYSlY7IxuY32DNH9nofvZFa7YFVXnjX7xAqOZl8iM9tNT+FiKrtp0nZgauNfQjPOfpTBexntTuwsin9lmX7wz9Kv2xI4NC3UZODkfWp9yHmk2NIuJk1OpwarxsMVMnJqWWmSTIzJuXqKyJHbODW50UmseUjcaSCRQYSSAqBTBZ7uWOKubuKjabbwOTV3I5RqWcK8kZPvVoKq8AAVnvcyDqQtR/axnlz+Ap6hojX4ozWYtyp6SfnU6ySdQQwpWHdFzGaaUB6imJKGHHXuKk3UgsKqBT8vFPNIKd1piaCnY4pBTu1USQ9zUDjk1YYYaoTycVSJZe0eMPqMeR93J/IV25rmtCh/fvL/AHVx+ddNWsTmnuNptOpKogSilpKYCUUtFACUUtFACUUtFACUUtJQAUUUUAFFFFABRRRQAUUUUAFFFFACUUtFABRRRQMKKKKACiiigAooooAKKKKACiiigAooooAKSlooAKSlooAKKKKACiiigAooooAKKKKACiiigApKWigBKWiigBKWiigAooooA//T62iiiuo5QooooAKKKKACiiigAoopaAEoopaBCUUUUAFFLRQAlFLRQAlFLRQMSilooEJRS0UAJRS0UAJRS0UAJRS0UAJRS0UAJRS0UAJRS0UAJS0UUAFFFFABRRRQAUUUUAFFFFABRS0UAJRRRQAUUUtACUUtFACUUtFABS0lLSAjlljgjMspwBWYmuwCXEkbKufvf4in6ucQx4/vGudkQOuRWUp62N4Urq5rXBVmZkOVJyD7VnswHNWRzCn+6KpyLnisZbnRHYxrq5YttjBPsKz1Xcc3GfpXQrEFOaDCp5NNNIGmzmBASSFUmlNnKRz2rpPKUdKiZBRzByGD5cycjn2q9b+YwwwK1Z2YNOXd0ouFizADsq9GpAyaS2i4GauSKFXAqWaRRCWyMCsi5jMb49a093NOngEye9QtBtGDg7apOZSxVFx7mtB1eJippuSa0TIaKEcEitvIDn3qL7JJn5lHPPFbAWnhafMTyHPyW7ADC/ialVJ0I8nP0NbZQEU3aB0o5g5SlGXJBcYaratS7c07bikykSKakpiipMUhsBTqbT8cVSIZFITxikijLtgUrjkVq6dCNpc96JSsEY3Zs6ZEkFs0jEDcf5VK99ApwoLfSo/KQJuNY9zdIhKpyaSrdg+rJu7Zux3cMhwflJ9as1xX2qUntiun024NxbfN95OD9O1bQqX0ZjWo8uqLtFLSVqc4lFLRTASilooASilooASilooASilooASilooASiiloASilpKACiiloASiiigAooooAKKKKACiiigAooooAKKKKACiiigAooooAKKKKACiiigAooooASloooAKKKKQBRRRQAlFLRTASilopAJRS0UAJRS0UAJRS0UAf//U66iiiuo5QooooAKKKWgBKKWigBKKWigBKKWigBKKWigBKKWigBKKWigBKKWigBKKWigBKKWigBKKWigBKKWigBKKWigAooooAKKKKACiiikAUUUUAFFFFABRRRQAUUUtACUUtFACUUtFACUUtFACUUtFACUtFFABRRRQAUUUooAxdacYiT6msZOat63Lm8Cf3VA/PmqER61yy+I76atBGgvMQHpVdhU0JzGRUTdaGJEJFJipDTDxU2KGGoWAqRjmmEUJBchK809EGafirEMe5qoRaT5EFNkcsKjkfnApBnANSzRDV681eiYZwapkY5FSK9Q0Uh1zaiQHArHMTIcGugSTtT2t4ph6GmmJx7HPAU/ArSOnHPyt+dIbBlHXNO5NmZ2BShMmrDQbeacqc0BYiWIUjxgVfEfFRSJgUrjsUlHNPIo6GlNUSMp46U005apEsawGK17V1jjArHaniQqpOcAVE1cumaV5fZHlp3rIbpQRvPmA5zRgmpSsW2NWt3RpNs7R9mX+XNYKnFa1iDFKkp7HP4VadmRNXi0dTRSmkrsPNEopaKAEopaKAEopaKAEopaKAEopaKAEopaKAEopaKAEooooAKKKKACiiigAooooAKKKKACiiigAooooAKKKKBhRRRQAUUUUCCiiigYUUUUAFFFFAgooooGFFFFABRRRQAUUUUAJRS0UAJRS0UAJRS0UAJRS0UAf/9Xr6KWiuk5RKKKWgBKKWigBKKWigBKKWigBKKWigBKKWigBKKWigBKKWigBKKWigBKKWigBKKWigBKKWigBKKWigAooooAKKKKACiiigAooooAKKKKACiiigAopaKAEopaKAEopaKAEopaKAEopaKACiiigBKWiigAooooAKBRS0gOM1cN9ukJ9R/KoYfuE10Gs2fmxi5TqvDf41z8IIjP1rnkrM74STii1atksvtT2HNVbRv8ASNvqDV5+KS2E9ytil8smpVTJqbAFA0jPdcVBVyXk8VWIoHYQCrkXyoxHfiqoq4RsRVPXqaYiuRinBuKYxyajLY4pMpFng1EwI6UI2asEArUFkMcnNaMUgrIlXyzvHSpI5aloaZtSOMZzVJ5ytQmUkVEx3UJA2O8wMKfGwJqtjFKrYNVYm5p8YyKryYNKr/LUTtxSQyuwpopxptUjNiGlFIaQVRLHBSxwO9V5cnMY4x1q/b8TqfTmobnHnuV6E5qJPU0gtCOFSF2itpYFjg5HJ61R0+AzTAdhya27weVFmobNrHPRWzSTbQOM9a13VVxjtTbVfl3HpWjbweawlcfIOg9T/hVK7dkRKSirsuoCI1DdcDNOpTRXajy3uJRRRTEFFFFABRRRQMSilooASilooASilooASilpKACiiigAooooAKKKKACiiigAooooAKKKKACkpaKAEpaKKAEpaKKACiiigBKKWigBKKWigAooooASloooASloopAJRS0UAJRS0UwEopaKQCUUtFMBKKWigBKKWigD/9bsKKKWuk5hKKWigBKKWigBKKWigBKKWigBKKWigBKKWigBKKWigBKKWigBKKWigBKWiigBKWiigAooooASloooEFFFFIAooopgFFFFIAoopaAEopaKAEooooAKKKWgBKKWigYlFLRQAUUUUAFFFFABRRRQAUUUUAFFFLQAlLRRQAoAIKt0PBrj5IfImkgPYkV19YesQkSLcoPvcH6is5o2oy1sc7ETHdoT64/OtZxzVQKJGU45Bq43WskbvcFFI7Y4p2cVAx5pFojOT1qFqnJqs5ycVNygRgHBPTNW3O7LVQNSJIVbax4PFUmSx5FRstTNhaiZuKTY0iHdsqTz+MGqcrt0Tk1WSEqTJK240DuaskoKEGoUVgM1WV97he2a0yuKQEasehqcGq561KjUhjmqE1OSKiNMTHBjjFG7IplFBIZopKTNUJjj0pFHNL1FKtMkcrbXJHpinbDJhVGSaSCFrl9inGea6W2jhhwoUbh3rKTOiGw+xtBbQ8/ePJqrfN58iwR8nvU9zczM3lQKTmo1hFqm5+ZHqR+bCC3DyCL+FOW/wrWPoOKihi8mPafvHlvrUtddONkefWqczEpKWitTESilpKACiiigAooooASilooASiiigAooooAKKKKACiiigAooooAKSlooASilooASilooASilooASilooASilooASilooASilooASilooASilooASilooASilooGJRRS0AJRS0UAJRS0UAJRS0lABRRRQAUUUUAFFFFAH/9fsaKWiug5hKKWigBKKWigBKKWigBKKWigBKKWigBKKWigBKKWigBKKWigBKKWigBKKWigBKWiigApKWigBKWiigAooooAKKKKACiiigAoopaAEopaKAEopaKAEoopaAEopaKAEopaKAEopaKACkpaKACiiigAooooAKKKKACloopAFMliWeJoX/i6exp9LQxp2ORaMxOUbqDg1M3WpNRjZLpz2Y7h+NRHmsGda7jCahY1I1RNzWbNUM5NIwAFTKMVA55ppCbEjTcc1XOCTV1B8vHFUtp61aIbFBJ60jEY4owetQPkHipaKTGMCBxUWM9asckVEVNNAxYlzIoHrWy+BWfawkN5hqy7gn6UmNDWPNKBnpUecmgNzSC5NnikpM8ZoqShpooozTJYGmUpptMQ4HFK7bUJqOmyngCqRJes22Nmt2KYDk1zkLYGauLPtrJo3T0Ol89I499Nto2c/aZev8I9Peqtin2keZIPkXp7mtc81rTp9Wc9apb3UJRS0ldByBSUtFACUUUUwCiiigApKWigBKKKKACiiigAooooAKSlooAKKKKAEopaKAEopaSgAooooAKKKKACiiigAooooAKKWigBKKKKACiiigAooooAKKKKACiiigAooooAKKKKACiiigAooooAKKKKACiiigAooooAKKKKAP//Q7KiilroOcSilooASilooASilooASilooASiiigAopaKAEopaKAEopaKAEopaKACkpaKAEpaKKACiiigBKWiigAooooASilooASilooAKKKKACiiigAooooAKKKKACiiikAUUUtACUUtFMBKKWigBKWiigAooooAKKKKQBRRRQAtFFFAEFxbJdJsbhh0Nc/LG0MjRN1WunrF1NNtwsvZx+orKa6m1OXQzGqHvU7VFWJ0oaTioic06Q4FZ7ysD8tMRqIVA+aq5KZ61nG5lzgrSGVwMhaeo7IvlkqJkVulVBcS91o+0cfMCPwo1HZFr5F4zQPLzz0ql5yD1/KmG4HQA0BZGysydBUR2Elx3rIEvsaf55HrRYbNLIzRxWaJ3Y/dNXEckYakQWVNKKjWpO9IoDSGgmm5oEwppp1NNMkTPNLIMkCkXlgKcTubNUhG3YaVHdW3m7yrZIx1FaMWjW8bbpWL+3QUuiHNmw9HNa1WoowlUd7DQFVQqgADoBRS0laGYUUUUxCUUtJQAUUUUAJRS0lABRRRTAKSlopAJRS0lMAooooAKKKKACiiikAUUUUwCiiikAUUUUAFFFFABRRRQAUUUUAFFFFACUUtFACUUtFACUUUtACUUUUAFFFFABRS0UAJRS0UAJRS0UAJRS0lABRRRQAUUUUAFFFFABRRRQB//0ezooorc5wooooAKKKKACiiigApKWkoAKWiigAooooAKKKKACiiigAooooAKKKKACiiigAooooAKKKKACiiigAooooAKKKKACiiloASiiloASilooASilooASilooAKKKKACiiigAooooAKKKKACiiigAooooAKWkpaBhRRRQAtUtQi822LDrGdw+nertLx0PQ9alq6GnZ3ORPIqMirdzCYJmi7dR9KrEVztHWmV5FyKqCDcavnFMUAGhDGC1XAJqCSMI2B0rSB4qrIM1SYyjtFRFast8tREjGadxkGynRwqzfNUgKmnrSbK0GfZ05Ap4tV9amXGeam4xxU3DQpeRjpS+WRU5NM6mghioB+NKetIOKQmkAGkpM0ooEFIaKYxpiHjjJpBSA8UoqiTrNCObaQej/0rZrC0E/u5R7j+VbtaxOeW4lJS0VRIlFFFMAooooASiiigAooooASilpKACiiigAooooAKSlooASilooASiiigAooooAKKKKACiiigAooooAKKKKACiiigAooooAKKKKACiiigAooooAKKKKACiiigAooooAKKKKACiiigAooooAKKKKACiiigApKWigBKKKKAP//S7KlpKK3MBaKSigApaSigBaSiloASilooAKKKKACiiigAooooAKKKKACiiigAooooAKKKKACiiigAoopaAEopaKAEopaKACiiigAooooAKKKKACiiigAooooAKKKKACiiigAooooAKKKKACilpKACilooAKKKKACiiigAooooAWlpKKQFK/t/Oh3oPnT9RXPda68HHNY99Ykbp4Bx1K+lZTj1Nqc+jMNuDSYqQ80yszcCcUw8041Gc0BcjZR3quyCrDE1Ec9qBkITBqcLUO49KsKDjmhggpxPaiikMjNNpzcUygQ7NR55pSabTEOozTSaYWoAkJqMnJppbNKBQIeKeKjFPFMR0egN88y+yn+ddHXL6EcXTqe6fyNdRW0djmnuJRS0lUSFJS0UwEooooASiiigAooooAKKKKACkpaSgAooooAKKKKACiiigAooooAKKKKACiiigAooooAKKKKACiiigBKWikoAKKWigBKKWkoAKKKKACiiigAooooAKKKKACiiigAooooAKKKKACiiigAooooAKKKKACiiigApKWigD//T7KiiitzAKKKKACiiigApaSigBaKSloAKKKKACiiigAooooAKKKKACikzSbgKAHUVHvFG+gCSlqLfR5lAEtJUfmCjzBRYCWioxIDQZBRYCSiofNpfNFFhXJaKh82k832osFyeioBLTxIKLBckopu4VGZPSgZNRUPmUvmUWAlopgbNOyBQAtFML+lN3NQBLS1Fv9aPMFAElFRiQU7cKAH0lMLqKYZPSiwE1FVw7U7zDRYCaiq5kalEp707AWKKiEgpwcGkA+iiigAoooyKAClpMiigBaKSlpAFOBxzTaWgDB1Cz8o+fEPkPUehrKNdpgEEEZB6iuY1GBLafCfdYZHtWUom8JmfTG6U4kd6jJ7VJpcjamd6eRxSYoGMIGc0/ORSYHSg9KBgGxT81ATik3UrBckY0wmmlveoi/OBQK5ITTc00mmE0gJC1Mzmm8mngUDFAp1FFACipY+WqKnoe9AGxpT7NQT/AGgV/SuurhbeTy7mKT+64ruJZYYuZXVB/tECtoPQ5qi1HUVRbVNMX71zF/30Kqvr+jx/8tw3+6Cf6VZBsUlc4/irSl+6JG+i4/magbxZbbcxwOfTJA/xpXCx1VIcAFmOAOSTXAzeJNTlP7rZCvsMn8zVG41LUb5PJmlLIDk4AGfyouPlOtuPEVhC+yINLjqV6frV2w1S01DKwkhxyUbr/wDXrzknHFLBO9vMs8Jw6nIouPlPVqKr2lyl5bJcp0Ycj0PcVYqiAooooAKKKKACkpaKAEopaKAEopaKAEopaSgAooooAKKKKACiiigAooooAKKKKACiiigAooooAKKKKAEopaSgAoopaAEopaSgAopaSgAooooAKKKKACiiigAooooAKKKKACiiigAooooAKKKKAP/U7KiiitzAKKTcKTcKAHUU3eKN4oAdRTN4pPMFFgJKKi8wUeaKLATUVF5opPMosBNRUXmCguaLASUZquXNN3U7CuWSwFML+lQ5ozRYLjy5puabminYBacDTaKAH5ptFJQAtLxTaKAFI9KKKKYBRilpc0CsNoxS5pKAEpRSU6gBaAKSnqaQxpFKBSk5puaQxwp31qPdS7hQBJwKYTTSxNNoSBsXJpKMUZpiCilzRmgA4pOKDSc0AOpKTmgmgBabijNKM0wE5oyafjPWjC0CsAdhThI1M4pcikMeXamjNApaAEyRRlvWl4pMigBdzetODN60zNLuFAEgc08SCoMilyKVgLAcGsnWU3RxyehK1fqvex+ZZuB1X5h+FTKOhcHqcezENtPUVGZSuM1bkjEg44I6Gs198eA4xWB0FrzBjNNL8VUVwBg08SL0zSGTb6QyYFQFx2phcEZJoHcc0n60hcmoWZaiMh6CmSTtIcYNIhycmogjMdzcVYVQOlA0O5NHFL2oqSrCgVIKQUUhjqQ0UlAgqRelRVJnimBJnKmsq7tRMfMjPzHse9aO7FRAoj/vBkVcWRJXObYMjbXGCOxqUNgcV2/2bTr+Ly5ECt2YdRXM6hpVxYNuPzxno4/rTUkyZQa1KKfMct0qyGU8nj0rPdyBgUxSxYAGrINBn3HaDx3pWkfACDaBVcShRgc0vnE0DFLP3oDmjO6mEUAdx4WvQfMsnPP31/rXYZrxyCaS3lWaI7XQ5Br03T7+PUrYTpww4dfQ1UTKRq5FJvFRAGkqrE3Jd4o3CoaM0WC5Y3CjIqvS0WC5PkUZFQZpCaLBcsZFFVsmnbqLBcnoyKgLU3dRYLljIoyKq7hTg4osO5ZzRVfeKUSUWFcnoqvv96Tf70WC5ZoqsXx3pPMHrRYLlqiqnmUnmGiwXLmaKqeZ607eD3osFyxkUZFVt1G6iwXLORRkVXzSbqLBcs5oqrvIo83FFhlqlqp5wo8+iwFuiqf2g0eeaVgLlFUvtDUfaG9KALlFUxce1PFwKLAWaKr+etL5y0WAnoqHzRSiQUAS0U3eppdwoAWikyKXIoAKKKKACijIpMigBaKbuFJvFAH/1eq3mk3mmUV1WOYdmkpKWgBKKWigBKSnUYoAbS0YpcUALilBGaZQKBk/Hammmg0ueakYhUU3FSEU0CmIaFJoKmn0uaAGBc07YKTdigtQAu0UYxSBqduoAbRRmkJzQAUZpMU7KigBQDS4xTdxPSmlj3oGSDHegj0NQ59KCWUdKBElHSogzelG8jqKAJacBUXmLTDMO1AFngUm+qpkc9Bio/nJosO5c3DNGRVTa/WkG71oEXKWq43+tL8/c0DJ6XiqhYjoaTzGoEWSaTNV97mjLmmBYyKXcKrbHNOEZ7nFAWZYyKTNQONo+Vqh8x/WgGXKeFHVqo+Y/rRuY96LAXsoKTzF9ao4am4osFy4ZVz1pDMtVwjGn+Ue9AaknmrR5qUzyaQxEUaBZkvnKOlNMw9Kg2kU4DHWmIk872o872qPdSZoGTiX2pfMFQ5J6UfNSAnEw9Kf5gNVee9AWmIuqc1z9/4nsrYtBbr5zdCeij8e9YOta4Zd1lZMRH0dx/F7D2rkyc8VlJ9jSMe534OQCO/NKQGGCMiqWny+dZxv3A2n8Ku1znSUntImzjiqrWQH8RrVJqMilcdkZX2Re7Gm/ZUXuTWkVqJlFLmY+VFMQxjtTgoHQYqbApO9FwsMxR0pxppoGFAoxTwKAFAoxS0uKAG0lOppoEMp4PFNNNBpgPc4FPZAyZquxywFWlPGKBESO8RyprUg1LA2SjIPBB5FZjCkAHfpSaKTsW7nSdOu8z2xEbdSpPy//WrkpHXO2NQoHHHf8au3t6si+TB93+JvX2+lZo4rWN+pjNroOCmnbcULzQQRVkjtwFPDqarkE03kUAWyB1FXtM1CTTboTryp4dfUf41lK5FP3ZoE0ewRTxzxLNCdyOMg0ua4DQNV+xS/Zpz+5kP/AHy3r9D3r0HFaJmbQ2kqWm4p3FyjKKfgU7AouLlIqMVJxTC/pRcfKIaTmlyT1oJApXDlGHNN5pd4ppb0oGLimnApMMelL5Z70wG5FNLHtT/LFG0CgRHzRg1JgUvQUXCxHtPenjGKXNNJFADhgUEimZJp2CaQxc03GaeE9aeVUUXCxCFNP2kd6kFKQKLhYbil4ApdhxTSvY0h2GEg000MpWkPTIpiADPNIacD2oPPSgCEk0oyalEZPWn7Ao4p3FYq8ilDmpio70hi7ii4WIM04NSFTRtpgBJpMml21IqCgBoY0/mp0QUOg6ipuOxX3MO9L5pHWgimY9aYiZZgal3j1qoAM1KuO9DCxY3YGaPMqPIxxUJNIdiwZBTfMFQUc9qYicyU3zKhzzzRmgD/1umoozTSwrqOYdS1F5go3igCWlzUQfNG6gZLSVFuzSE+9AE2aKg3e9G4+tAE9GaiGT1pCQO9AWJqM4qDfTgS3SkFiXdRvpAhxkmmFSelFx2H7xRupAoH3qN+OlK47C5NAOTTN1JuouFibKik3gdBUG7NGaA0JS5pu803NBYd6AFJpwPrUROelMJaiwXJy2KjMmKhJJ60EGnYVydZsdKRpS3WoacFJp2C5IHNSZGKrFSKTJFFguWCc05AtVwXNAJpWC5bJxwtRgHvUOfej5qLDuWDnGBUe4DikBNO3DPK0gELd80gYGmPgnjik2nFUK5KBml2iocsKCW70WFcl4pwbb0qAE04NRYdx+WJ60hHrS0d6QDcelNK1KB60pK4ouFiEAVIpApuaME0xEhcGkAXqaURt1PFNKDuaRQ4SCjcKTy17GmFCDRoGpKJFFNLselOWNcZzQUWgNSMBj0pCrDrUwCAZppbPSi4WIcUYqTGOTSZFMmwq5qQHPWkGzFKCnakUP2A1zHiXUjax/2fAf3kgy5HVV9Pxro7i5jtLd7lzxGM/j6V5JcTyXMz3EpyznJqGykiAntTaWgVJR0ehy5ikhP8J3D8a3Aa5LS5fKvVHZwV/wAK6vNZS3NY7AaaaeaSoZaIjUTDNTtioWOOKRRGRgU0inmm8mmIbim4zUmKAKAGgU7FKBS0AIBQadSUANptPNJ2oAhaoyakaqztiqRLHKctV1elUoeTViSVII/MkOB/OkwQ92VAXc4A71gXV41wdqcJ/P61Hc3Ul03PCjotRAVcY9yJSvsNopSKbVkEyVOKqqasK1AEw29xSFIj1FN3kUwuSaAF8iM/dJH60ptHxlGB+vFKoY1OFOKYFQwzJ95T+HNdv4d1cyqNPuT86j92T3A7fUVzAUipBuRlkQ4ZTkH3oTE4npm8U4c1wTeKJ0j2eUrSf3s8flWJcatqN1/rpmx/dXgfpV3RCiz1R54IuJJEX6kCofttmxws8ZP+8K8iLZ5PP1pCV9KnmKsewCVH5Rg30OaMmvH1codyEqfUHFaEGr6jbn93MxHo3zD9aakJo9OLGmE1yVr4oPC3kWR/eT/A10dteWl8M2sgcjqOhH4GqTRDTLFTImeWqIcdak302CLGVA4qItTNxpDmlYdx5NNCljTc085xQBMIgBkmopF28jkUws3SmljjFCuDsNznpQFNAIBp+4DpTESKAKeMVBvo3NSsUWc004JqNWJ60bqVguPpDTd1ITRYB4alU54NRDmnDOKLBcecFcVAcdKfu7GmnpmmgYoXvUiAE1FvFIZMUCLDdOKjBNKGyKbkUhgeaXJximk4puWPamIVvSl2DHNR5oyaYEmFxSY9KCRtpobFICwuNtNNR78UbwaVh3DrS4FAYE0nemICg6ik20/IHFNJFAABSEGgn0pOaADFGM0Yp2MCgBhFHFL1PNLtFMD/1+h2seppfLHeo/MpN5rp1MNCUIKcY+KjDkdKXdI1Go9BjDbUXNTNGw603bTENX604hRSjApDyaAFG2mEHNLz2pwJPFAAqM3Ap/kEdakDFRTTIam7HZDTGi9+aFwOaTrRsPegB/mAdaaZM0ojFKVUUaBqR7j2oAY07eoppkPamA7YfWk2qOpqMsTSZosIlJH8NNwTTQxPAp6pk8mgBwVR1NIRGKGjHY0wxntQMXdnhaT5h1pArdqQ7u9MQgNWEVWFVu9Oyw6UMRMYs9KiII4NNDN3NB5pAPEZIzTSpFKN4FG44pgAJpdtMyaXcelAAeKmD4XAFQZpcmgaZJzR0pq5bpTsGkAuxn6U0I4NSpKEB9TRvOOD1pXHYYvXmhmBPSnfKq5zmhdrNz0pgQUlW2VeTxUGwmmmJoauO9POO1BjK04cckUgGYcnFKY2HWpR1yaBJl/nGfT0ouOxBg5p4JWnFSxyKkjjGCWouCRGQx5Y8UbQehpGUg00sfSgCTZ8uRTNpPAp6sAMNmk75Xg0AyLLDilDe9LtJPNPMJAyaegtRgBbpS7WqZVKcioWJ3HBpXAXFJgikGc5pxzTAYeaAO1Q3FzBZx+bdOEUfmfoK4+98SXM7GKyHkoeN3Vj/hQ2kCTZf8TXgEcdhGwOTvkwfToK4kmpJDljzn39airFmiVhKUdKSloKHI5jkVx/CQa7hWDAMO/NcIa6+zk3W0Z/2aiRUWX80hNMzS9azZoNY1FzUhpMVJQzFFSYppFAyOilooEAFOAopaBhimmn02gQw00081GTTEQuapyGrErqgJY4rFmuS5wnA9atIhstfa1gHHLelZ8s0kzbpDk/yqOgVaRDY9RinimCng0xBTDUlNIoAbTgTTcUCmBOOakBC1F2oJpATCU1ILlhVEtTSxoAvNdt2FVZJ5JOp49KhopgFKKSigQ/mmHPelzTuD1oAjpc0pUjntTaAHA09XZW3KSpHccGoqWgDorLxFfW+FnPnp6N978DXYWeo2t+u63b5h1U8MPwry2po5HRw6Eqw6EcGmpEuJ63uwPelaU4wBXN6FqdzfSG1ucOQu4P0PHrXS+UQelXdE6kG49aXOe9SvGB0qEDB5qhDqCaeoTHJpC0frSAaW9qlARhxTWaPIwakV4R0NJjRFntjmkUPngVMGjZs5qffHt6jNFx2KO5waA/GGFT70zzTHeJulMRFuweKeCTTRtHOaUyKOlFhEioWJqQKqgnNVhKc4zipdoxnNJoaYuzPNMZsHHalzxjdTAq55NAEZBJ4qYRBlyTSqqf3qlxEPvMKGwSKpTaM5pysmOetOKRHo1AWLuRQANIvak3ilxGO4pw8n1oAhOO1AzirOYP7wpC0OOGFFwsVuakXAHNP3QDuKd5luetAWGkKD7U54lAyppN9uDweKGmg6ClqPQhKEUDK81J5sVHnQ09RaDhscZ6EUjooGQaY0sJ6CmGYHtRZhdFny9wBWmmPaOajS8ZBgCo2uHY80+VhzIsiPK8U1WK5XGar+e46UgmcHNHKw5kWD8x4FKENQCdqf8AaWoswuf/0NwAUuBUG6jdXZY5rlrbR8wqtvNL5h9aXKPmJyWoAY1B5h9acJnHQ0crDmJdj+lPELd+Kr+e/rSea3rRysOZFwRkcdaYeDjFVfNbOc0GVj1NLlYcyLO4jtTsDqaqeY1Hmt60+UOYt7T/AA07Y568VUE8g6Gl+0y+tLlY+ZErqQ2BSbGPWovPc85o89/WjlYuZE/k8804QZqr5znnNHnP60crDmRY8nFPWEGqnnP60ec/rRysfMiyYgDwaaUZeQag81z3pN7HvRysXMiwEfrUioR1qp5r+tHmv60crDmRaJbsKQIWqr5jetG9vWjlYcyJzH3po6YqHcfWl3EU+UXMP2mnquO1Q+Y3rS+a/rRysLosMARzTBGTzUXmue9Jvb1o5WHMiXyzmnCJvSofMb1o8x/U0crC6LHksMZ4qQxZPrVMyOepNJvPrRysfMi1gjpSYPNVtx9aNxo5Q5izsU9+ad5JAzmqm40b29TRysXMi4EOME1Iqr07ms/efWjcfWlyD5y8YgOrDNIoBPWqOaM0+QOfyNIqD1NKQmNobJ96zc0Zpcgc/kaCIpOSQKk2RZ6isvNJmjkfcOfyNEiMH71CtGp61n5ozR7MOfyNAsjHO6msIm+6wqjmjNPkDn8i0Co4JFLlPUVUzRmnyi5i0dh5zTvMA4PIqpmjNLkDnL7SxMMVGrRjrVUc1Ru9Us7IESNvfsi8n8fSjlSDmbNncpPFc9qniS3tg0FmBJKON38IP9a5m/1y7vAY0PlR/wB1ep+prDzWTl2NIruS3FxNcyGa4cu57mo0zuB9KTFTldhC98HNSWQMabSk96bQMSnU2nUAJXQ6Y+bYD+6SK56tzS+ImHvUsaNtWzTwaqq2KmzWbNEScGjFMDU4GpZaA0007NNJpDGUUUooEOFFIKWgBDSUpqvLcRQjc5xQBKazrm8jh4HLelUbjUnk+WL5R696zCSTk8mtFHuZOXYllmkmbLn8KhoorQgWnUgpaYC0UUUgHClpBRQAGmHIp+aaTQAm40ZJpKKYBRRSUALRSUZoAWikp4XNADM0ZqbywaX7OT900ARhiKQgHpStFInUflTM0CAgjg0U/IPBppXHI6UAFKKbThQBt6IWGpQlDg5OfpivQMyeprkPDcAMklywGEG1T6E//Wrs0mXBDHHpWsdEZyWpAXbuTUkcTyn5agdsnIpYrqWE/LVN6aEW7k0kEkf3qhqxJqEsq7GQAGqeacb21E7dCSgAUzNG6nqGhMUB+6aQoQM1FuI6UF2IwTRqGhpQJaunztg1TlVVcqpzVbilGB0pKLuDaH0U3NJmqEPopmaM0APopmaM0APopmaM0CH0UzNGaBjqKbmkzQA+jNMzRmgB+aKZmjNAD80ZpmaTNAEmaM1HmjNAEmaOtR5pAxFDGkS0AE9KZupVfb0qbj5SXY1M5oWYjrQ8ueQOaLhylmK3aXkdKujTRjrWMs8y/d4qYX92O4qJc3Qa5ep//9HRzRmo6K7zkH5pc1HRQBJmjNMooAfmjNMooEPzRmmUUAPzRmmZozSAfmjNMzRQMfmjNMzRmmA/NGaZmjNAh+aM0zNFAx+aM03NJmgB+aXNMzRmgB+aM0zNGaBD80ZpmaM0DH5ozTM0ZpAPzRmmZozTAfmlzUeaM0ASZozUeaM0CJM0ZpmaM0APzRmmZozQA/NGaZmjNAD80uajzRmgCTNGaZmjNAD80ZpmaM0APzRmmUuaAHZozTc0ZoAfmjNNzSM6opdyFUcknoKAJBzVG71K0sgRK25/7i8n/wCtXPahrjyZhssond+5+npXOliSSec+tZSqdjSMO5s3muXl0CqHykPZev4msYsegpuc0Vk23uapJbCUUUoHc0hksSfxHtTTkkyHocgVJu2Qn/aqLK+QqgchiSfrjFAyIikpaKAEpaSigBa3bLCxjFYQq9bXSxja/wCdJgb2e4qVTkVRWVWGVORViOQdKhotMnpQ1RlxTPMUd6gtMsZoqDzV9aPPQd6Vh3J6UVWNwp6VVkvo4+C3PoKOVicjUJAqCSdIxljisKXUZG4jGPc1ns7ucuSfrVqBLma1xqeflhGfc1lO7yHc5yaZRVpWIbuFFFFMQlKBmjFOpgFJRRSAWnCmUuaYEnFIajzRkmkApNNopaYBRRSZoAKKSlpAFFLRTABUgplLmgCYGpgeP61U3U7eaALgfHGOKR4YX/2SaqhyO9PD+9ADXtnX7vNQglThvyq15hPelMinh+aAKZGDTlqyYUdfkOD2zUARlcK4I5oEdzosPk2CsVwZCWPv6Vq5qKJEhhSKPO1VAGetPzXVFaHM3qOzSZpuaM0wHZozTc0ZoAXNGabmjNAh2aM03NGaAHZpM0maM0DFzRmm5ozQA7NGabRQA7NGabRQA7NGabRQA7NGabRQA7NJmkooAXNGaSkoAdmjNNooAdmjNNooAdmjNNooAXNGaSigBc0ZpKKQC5ozSUUwFzRmkpKQH//SuUZptGa7zkHUZptFADs0ZptFADs0ZptFADs0ZptFADqKbRQA7NGabRQA7NFNooAdRmm0tADs0maSigBc0uabRQA7NGabRQA7NGaSigBc0ZpKKAFzRmkooELmjNJRQAuaM0lFAxc0ZpKKBC5ozSUZoAXNLmm5ozQA7NGabmjNADs0ZptLQAuaM0lFADs0ZptLQA7NFNooAdmikrP1HUUsEwMNK33V9Pc0m7DSuWrm6gs4/MnbGeg7n6Vx2o6lLfPt+5EOif1NVJ55JnMszbnPUmqpNYym2axhYUmm0UVmaBRiiloAMZNK3UIKcOOaanLZNABK2SF7ClAzGfbmozy2asLjbj1oArUUCjFAxKKSloAWiiigBQxU5U4PtVhLuZO+frVaikBoDUH/AIlH4Un20H+E1QopWC5dN4ey1GbqU9MCq1FOwD2kkb7zE0yiigAooooAKKKKYBQOaKd2oASiiigAopKKADNFFFABS0lFAC0lJRSAKXFGKWgBKXFKBTsUwGUtOxSYoASiiloASiilAoABzThx1o4pQpPJpAOGX+lPEakHIzSAjoakXrQAzyxjjirNrcG3nSR1EgQ5waiIzTSKYmd7b3cF4m+Bs+oPUfWpa8/inmtnEsTbWFdbp+pxXw8tvll9Ox+lbxncwlGxp0lKaStCAooooAKKKSgBaKSigYUUUUAFFFFABRRRQAUUUUAFFJRQAtFJRQAtFJRQAtFJRQAtJRRQAUUUUAFFFFABRRRQAUUlFAC0UlFAC0UlFAH/07NFLiiu85BKKWigBKKXFFACUUtFABRRilxQAlFLRQAlFLRQAlFLRQAlFLRQAlFLRQAlFLRigBKKWigApKWigA5oopaBCUUUtACUUtFABRmiigAopaKACiiigAooooAKKKKAFo4pKKAFo4oooAXiikpaACjiil4HJ4A5NAFDUr1bC23jmRuEH9fwrhmd5HMkhLM3JJqzqF217dNL/COFHsKpHmueUrs3jGyAnNNopKgsKWkpaACgUUooAUnjFJ0X60hNI3pQMToKmzyv9Kh9BUmetADWGGI96Q06QfNkdxSD3pAR0tBGDSUALS0lFMBaKKKACiiigAooooAKKKKACiiloASlopcUAJQaDQaAEoopaAEooooAKKKSgBaSiikAUoFApaAClpKWmA4UvtSUtAC000vQU3NABiijNJQAtL702lzk0AKPWng9qizSg0gJaduAxj8ahBpc0AWM0p5FVw1OD4oAefT1qIMyMGUkEdCKM5pGORmgR1FhraviG94boH7H610HbI5B715oDWzp2qyWhEcuWi9O4+lbQqdGZSh2OzopkciSoJYjuVuhp1bGQUUUUAFFFFACUUtJQAUUUUAFFFFABRRRQAUUUUAFFFFAwooooAKKKKACikooAKKKKACiiigAooooAKKKKACiiigAopKKAP/Ut4oxTqK7zjG4oxS0UAJilxS4oxQAlJTqKAG0tLS0ANxRinUlACUUtFACUUtFACYoxS0UAJiilooASlopaAExRilooATFGKWigBMUYpaKAExRinUUANxS4paKAG4oxTs0UAJijFLS5oAbijFOzSZoATFGKdRQAmKMUtGaAExRilzRQAlGKWjNABilxRmjNABis3WJjBYMAcNIdg/rWnmuW8QTkzR2/ZF3fiambsioK7OaPXikpKSuY6AooooAKUUlKKAEpwpD1pe1ACfxU09acO5plAxR1zS5ptLQA9hlQfTimU8fMCKZSAGptONNpgLRRRQAtFJS0AFFFFABRRRQAUUUUAFLSU8DHNABjFFFJQISlNJRQAlFFFAwopM0UgCjtQKDQAUUUtABRRS0wCiiigB3U0tNo+tABSGnU00AFApKKAFJopKKAFopKKQC0uabRQAtL1pKKYC5oz2ptFAC0CiigRrabqT2T4b5oj94f1HvXbIySIJIzlWGQa8zrd0jUjav5Ex/dMf++T61pCfRmU49UdhilxS/SkrcyExRilooATFGKWigBMUYpaKAG4oxTqSgBMUYpaWgBuKMU6koATFGKWigBMUYpaKBjcUUtFACUU6koASilooASilpKAEop1JQAlFOpKAEopaKAEopaKAP/9W5SUtFd5xhRRS0AJRS0UAJRmloxQAmaM0uKMUAJmilxRQAlFLRg0AFGaMUYoAKSlxRigAopcUmKADNFJg0uKACjNLijFACUZoxRigAzRRRigBc0UmDSYoAdkUZpKKAFpabS0ALRSUUALmikooAdRTaXFAC0lFFAC0UlFAC0UlFADqKSigB1cNrD+ZqE5/u4UfhXcggcnoOT+Fec3EvnSyyn+NiayqM0plWkpaSsTYKKKKAClFJRQAvel7UUGgBDwPrUdPb09KbSGFLSUUwHp94U08HFFK45zjGaQDT0pKWkoAKWkpaAClpKWmAUUUUAFFFFABRRS0AAp2aSkoELSUUuKAEpaBSgZoAYfWkqVxs4PcVDQMWikpaQCjpSUppKAClpKWgApaKKYBRRS0gAUv1pRSe9ACUlLSUAFFFJQAUUUUwCiiigAooooAKKKKACiiigBRRilHXNTFAelAEFOU+tOK4OKZQB2Gi3xmT7JIcsgyp9R6fhW7XnUMrwuskZwynIrvba5S6gWdOM9R6HuK3hK6OecbMsUUZozWhAUlLRQAlFFFABRRRQAZoopaAEoo4ooAM0ZoooATNFLRQAZozSUtACZozRRQAZozRRQMM0ZoooAKM0UmKAFzRmkxRigBeKTijFGKAFopKXFAH/9adcnqcUobB65qVYwPvVIViAoTsTykBODk0oZT0p3lErmkEYUVaqtEuCFJFH0pm2kCsAKr2zJ9miTOOKXNQkMOlP5AyapV11E6b6D80ZpnmD0pdwxmrVaJPIx1HFMBFKSPWqU13FysdxRSClqk0xWFopKKYhaKSigBaKQiigBc0ZptFAC5pc02igBaKSigBc0ZpKTFADs0lJRzQA6im0tAC0UlFAC0UUUAFLSZooAWjNJRQAUUUtACUtFFACUtLSUAFFLRQBR1OYwafM4OCRtH41wh4Wum8RykRwwDuSx/DiuZ/hFc83dm8FoRGkooqCwooooGJS0lLQAtL3zSDpQeB9aAGHrS0lLSAKKKKYBSnlQaSlHQikA2kpaMUAJS0lLQAUUUtMAooooAKKKKACnUAUuMdaBDaWlpdp78cZoAbQATwKDtGPcUm88Y7UAOwBjPcUm/GCKjz2opDFJJOTSUUUALSikpe1AAaSiigBaKKKAFopKKYCinCm0tIB3em0UCgBaQ0tIaAEpKWkoAKKKKACiiimAUUUUAFFFFABRRRQAtWIjxVanq2KALTqetVSKtqeMZqFxikA0Vv6JceXOYGPEg4/wB4VgLU8bmN1kTqpBH4VUXZkyV0eg0lNjkE0azL0cAj8afXUcwlFLRQAlFFFABRSUtABS0lAoAKM0lFAC0ZpKKAFopM0ZoAM0tNozQAtLTc0UALmjNFJQAuaBSUUDFzRmkpKAHZozTaKAFzS5ptFAC5ozTaWgD/17eyRmxUhR/SraD5S45JqQuqp8wqbjsZpMjHAFOJI+U9anhG591TBELFj1oEZz7l60oLEe1XDGkr4bj2pTbMPlFO4WKOPemOH/h5q21vxgnpTQmBgc0CsQAZAyaCtPNu7n5acYpEXDUAQkqKXA6mmGJm5qQo2MUWEIMGpVPaoSMcUo4ou0FiwDgc1Ezc9KBJkUe9Uqkl1E4oUYoYgVCzkkAVJjNX7WRPs0KGBp9QgqvHenge9Uq/cTp9h1FM3EH2pd+TVqsifZsdS00c07BrRST2IaaCiikzVCFpKM0UAFFLSUAFFFLigBMUtFHNACUtFFABgUcUUUAHFJS0tACUYoooAKKKWgBKKKKAFooooA47xC+6+Cf3EA/OsY8KBV/WW3alN7ED9KoPxge1cr3OmOxFSU6kpFBRSUUAFFFFADu1I3pThTDyaAEpaKKQBRRRTAKVetJSjg0AN70ZpW602kAUtJS0AFFFLTAKKKXFACU4ClC07igQvbAowg5Y9Rnj1phfHTrUXWgCUy/3Rj5cVGWJpKKQwooooAKWiigAoopaAEpTQKDTASiinDikAUlFFABRRRQAU6m0daAHUUe9AoAKDRSGgBKKKKACiilFABSU7FNNABRRRTAKKKKACiiigApaSigCZGxUrciqwNTKcigBuOakX0pppV6UgOw0eXzLPyyeYyR+B5Fama5vRJAJ3j/vrn8q6OumDujmkrMWkpaKskSiiigAooooAM0UYooASiiigAooooAKSlooASiiloASilooASilpKACilooASkp1JigAopaKBjaWiloENpaKMUgP//QueYy8A08yluDVdXUnNKWFZgS7gpyDSrMQ2VNV+v0ox6CmK5eMhZw44x6VILtt/NUQ2Bmmq4ZsgUh3LzgE5J61HGQnvVd5cURycc9KYGiJ1QcHBprzbueDVAsDzS8noaEFy6joRg1HLG2dy9KqmXZx1qcBnj5NMBpKHg1Ayt0Sp44FYnJ6VOICoyDRcLGeAynkUpfdwKvqpztbvUcqRRtlaLoVisiNjgU7lU5HNWBKhODxVqMQjrzmjmHYyVIJxipxGTzV6UQLyBzR5IVN3TNFwsZ544pyoSPlqWVUUKRURl2+1FwsIIJM5NKGA61aS5CowxkkcVR69aExNIeXBNBYAU35R05pD83FUptbEuKYob5sUM2DgUAADFJnnin7SW1xciJcjFNyKOcUnvTVaSE6aFBzTsGkxxmkBb1qo131E6Y/FJQGOeaDIAelae3RPs2FFOilj3fvBTwYy5zwKarRD2bIqWpWRSflPFMaMr1q1Ui+pDi0MpaKKsQUUUtAhKKWloAbRS0UAJSgZOKWms3lozn+FSfyFDA8+1OQS300g6Fjj8KqvyAfaiQ7gH9cmkfjA9AK5GdaGUUUlAwooooAKWiigBR0zTKeeFptIAooooAKSlopgFFFFADm5AOajqQH5cZqOkAUtJS0AFLSUtMBaeOBTR60pYA8cmgBTwOajLZpCSetJSAKKKWgBKWiigAooooAKKWigAooooAXtTaU0lMBaKKKACiiikAUUUlAC0UUUALR1oooAM0lFFABRRRQAU6kxS0ALTTTqaaAEooopgFFFFABRRRQAUUUUALT0bB5qOloAnzxmgGmqcjBoPBoA1dNk8q8iY9CcfnxXZkV54jY5HUc16BFKJ4kmH8YBrak9LGFRa3HYop1JWpmJijFLRQAlGKWigBMUYpaKAExRRRQAUlLRQAlGKWigBKKWigApKWigBMUUUUAFFFFABRRRQAlFFLQAlLRSUAGKXFFFAH/9F/bIFPC5HNSKCwOab0ODUXEKiqByaCD0FIAtLnFTcAKBhg0bFT7pqUKSKZ5fPJpphYrNxkt0FJ56ngVZNq9ydi8CnCwaE881egWIlYYoyc0/AB5pSAeahsBqlTyad5hB4pSFAwKj4zjvRcCYzbegpguHc4B6UKmQc0oRV4FGg9RWkPXPNMLHPNO24pCM0CGr1zThI6/dNRMjnpTljI5NOwDHeUnJOaQyuDhjUhpwVHPzCjQBN4IzRnJ5o2Io5NPUKwyKNAFKqRxTduOtIVIO4nilyDSABgdKcD3qIMMnBoG7HNMB23NG0JzS7tq5qPzN3AoAlzQaQMrDaOtSbcDrTAZS8UYUck0hII+WkA1hzkGngZHPWmhSBk0u7ApgITtpQSw6UYDDNO6DFIBVLLUvn5HIyarbfenKoFAD94PUUZFR9+KXHFaKrJdSHBMk4NJ34qPpS5xVqs+pLproSUc1CQfWnLu6Zqvb+QvZElGaQsQOaNwxzVKvEXs2OzVS/cpYTsP7hH51aHTIrO1dgumSn1wP1qnUi1oJQdzhG+6opH+8aU/d+lNfqaxOgbRRR2oASlpKWgAo60Uq9c+lACMcmko70UgCilpKYBRRRQAUlLRQA5e1RnrTx0pHHzdvwpANpaSloAWngActSDCjcfypmSeTQApYmm0tJQAUUUtACUtFFABRRRQAUtFFABSUtJQAUopKcOlACGik70tABRRSUALSUUUAFFFFABS0lLQAtFJRQAUUUtACUtOxxmgigBOaWj3pKADNNpaSgBKWkooAWiiimAUUUUAFFFFABS0lLQAoOKlxkZqGpEODg0AKpxXb6Od+nIc/dLD9a4kjBrrdEJ+wn2c/yFLn5dSZRudNa2wmbDHAqV7RAdueazFkeP50JBFStcSOwlY5NS68ug4wh1J5rR4RuNVKtXF/LcAIVAAqqStbwrJrUxlDXQKWmgjFX7CKOdyH6AVpzq1yeV7FKkreXS1x8x5oOlJjgmp9rHuP2cjBoq5PaGMZHIFUgRmqU01dCcWtGLRS0cVSZIlFLRRcBtFO49aRsDk0uZbjsxKKNybc01ZEao9rErkY+kpSQBmkUhulXzImzCinYpKYhKKUiii4DaKcBSNxRdAJRUXmgNg08OvrUe0j3K5WOpOadS7au5J//SnDNmk5PaplHHIp20fSoAgGB1oyM8Vb8tGGaiZAnIosIi8w1H5p6ipvlI6UzyRjNFkA+O6aM5q7JfBkAQfnVHy071L5SgVLityuZ7DdwY5NBZc0pUComBbinYRISo61GUBbNN2NQFbPNFhEwUr3p/ANNBxSZyakZIQSOai285oLtTNzN07U0gBnbfjtSGXaMmn4JUkioFjaU8jgVdhCklxvU04EinNGVAVaaVcjFFgHMu8YpmTHwO1O2uMk00Kx68miwCmQMMUwBj7VJ5YDe9TnaBzQlYCoVwOKcp4z6VcWNWXOOKY/l/dA4pgVdwcgCngdlNTrblULhcD1pqojZ21NwI1jK5IPNSDO3LVGvfmntKhAU0XAAm7mlyM8UzzFXjOKk+XHHegBkr8Ui5btUmF+tMdgvQ4pgSou049aWQBDgmoIZC54PSnSR75NxNIC1bwiWJ3z0FVlVs/NWvYxqkLluOO9ZZdmYgdaBtDBy2KftI5IqeK3feGataQWv2fDMM/rQFjCyKfHDJK2EFTokBH3qkYSQEG3br1OKQWK8trNGclc1VbPmdMVpjUZQCkqhj61UP7wlgMU0BGenNNwWHyU4xyMcYpxgkiXcKLCIR5qn5jWZrhI05h6staoViu9qy9WDSadLkfdw35VSQHE9jSt1ptPbqD7VoBGaKU0namAlLSUtABSjoaSlP3aAGUtJS0gFooopgJRRRSAKKKKADsafIMYOAARnimjvSsAYwQvsTQBHT1Hf0pgp56YoARjuOaSiigAooooAKKKKACiiloAKKKKAFoopwUnpQAyinlabQAlKOlIaXtQA2lpKWgAooooASiiigAooooAKWkpaACiilPWgApyjNIo5qQfKfY0ALt/WmdBk9ql6gg00gfmKBjDwD7U2nE55plACUUUUCEpaSloAKKKKACiiigAooooAKKKKACnjmmU5Tg80ATj5lwe1dPopIs3I7Of5CuWU7WrsfD6B7OY56OP5VMgNFZMjnpSgqOBUwhVvk9aRrQp0OSKzsBDhjzQq54apSD06U07oxzRYBRGoPHersBSGNmJwfSqfI+cUGTccnvRqB1dpPHcRBoznHBFLJcwxOI3cAk1zNtdfZZd4BI9KiuGadzKeM84pXY7nUXARoXIweO1cqYWE249M0sM8kIPlt16itC2kimDGUcj0p3sG5etVtChBxketWhbWb/MoB+lYF2IflMJznrUNpLtmUN0zTU2iXFX1R0ZsbctkAVXk0yJslTVC4naG5ZVYsuemalLPLDmJWGfem5sOVFe4tFhwc8A1Tu/KUjyyCDVh4XRwJFPIqnNas2CeMUkx6FYcD1p0fXavenNDtI2nI71NEoSZWPQGmIfLbTIg3jAqONR0U4NbeoXEbKgUg5GSKyCjMSYxSuwsRysV4FR+Y31pz2tywBHGamWzliXLc05Sb3BR7Cb9y5qDdtPJzT2AXrSDZScm9wsOBJXcvSmGQk0gkZMrjimOc8ihN2sFluPIDDng1D5ZBxmljYsdr1LLEEI5zmgCMvgjmrYcY61WFjO53J0qf7HOOCKq76MVj/9PVLL6VUYlmqyWBOTULPk5xWdxiAkcVJkkUJhutOkjLD5DTuKxV2tnJ6U5iccUrgoBmnFRigBitn71S7gaRLbeeTRInkj1oAXeCcCkLAVAkwVulE7lx8gosBL5ik4qJs1TVmDZIxV1YpplynSiwhqZJxmhm7ipVs5S2M1OtltB3GnYZSRgwNOhBZ8CpJLZIo8qck1PZ+SnJ60AXrdIyNpHNPntxjjgUx5Y4x8mM0nm+ahDGlcZVeNUH3uarBct1qxNCpG9DwKreaqmncReEaiPaOpqkCVbBpwnAbdTHkV2yKm4MGZQ2aejB2GRUWF6ml8wL04xRcRbklaIbU6U5TDgF+voKz3l3c0xXb1oHc2JbxTD5SrgdKgtzCgOT1qhn+9QZPl4HSizC5JdLGXAhPHeqZZVbByxqUOG6DmrSqm3cV5prTcQz7Kr4Oee9Dqy9+BUYZ93NK2/NAD4XYvgVK1sHOc9aiICjjrSK0oOSeKXoHqSi1ZDlcUwxyA81JHM5bB6VNdDCAr1NF2MTzhsxmoVkXdmoQuB1qAv823FArmmZPMXANQhSTg1WRsHANS7XPNGwFlYCpyCDVrzNoxkVmMWQZpivvPPFJ6juaGyOU4JxUkUQiPBzTfsjlN8ZqJhNF1zQ7gaABbir6QxBcMc1mQvkqo61rFe4WpRaQ8wwYAwKxdbgiTSrohR9z+tbIdQMuMVz3ie7RdIZUOTI4T+tWtxNI8sIpxHyj8qVutIOVI981uQRnpSUtJQAlFLSUwClbpikpzqwxkUgG0UUUAFLSUUwFpKKKQBS0lFAC0o5UjGcUgqWFEYNvPQUAVx1p5oQAtikoASiiigAoopaAEopaKAEoopaAClpKeBmgBVUnpUwUKuTQMLz+VQu2eKAB2yaYaKSgBKcelNp56UAMFFFFABRRRQAUUUUAFFFFABS0lFAC0vegUCgBehBqVumR9ajwdp9qdn5QaAHBgDmg4I+lM9R6U8+nYigYxu/5imHrTiaZQIKKKKAEpaKKACiiigApaKXFADaKWkoAKKKKACiiigCbqoP4V1Ph6YrHOn+6f51yiHqvrW/oBPnyKO6fyNTLYDsYplC/N1q2vly8g1DaW0ckZZzg5qyfs0HyvwaxafQtFRoZhyBT0iZhiQcVZ+1W5IRT+lQXBby85ouwsRtBFnG7FQtHHHwTnNQbGwTmqz7sED+GqRJO8oHy44pySbjtNZvmu3FTRllbLU7E3LnlmJst3oJ2nK0khdhmoVDE4pDJGdQM1GsmTxTnUKm7GaS1CySbcYp2VgJWfc24nJrat9RxhBFlQOoqgLRPOCZ61rR2iJH8hAyOaQ7MoXF5cNIsrIMDoKqTXLu5YLtB7Ut/dYmEOANpxxUUlxHKwHQYp2ER43H5TSF/LIVqYQqnIOarXAYOD2NCQFxnWTv0rQhuQkYXAyKw1+Xk1KswPAoaBM1pL5h8oAFMa9kddvHPes37wzjmkilU4RgQaXKVzvoTgNnB71bNsYlDNzmrNvbAje3IHNaKwCYeoFS5DUbjLRLcwjeOalmFkgCtjnpiqz2pYMhyAp7VmSIqsFX+GmmJqxAyoZTtHGaiaFjJv61dliCAN601WCjrTuKw4XEkYO0AGojfz55xT9u85qIxxZpId2f/9Sdix6UfOBSrIKcxA5NZsCAF24BwaUSyR8ZzQsyKcUpZDzigB6yLJ15pzMCPlqIFE9qTcppgaduBs3Zomkh24JFVYXwpBprIuM0hiHymxkVIrIFIUdaiJUDmoTKFOKLiHyRtJwBWhbO+3y8YxVMOSuacs5U8GhsEaYAXk1XncAY9agE7NzRN8ygikNssQIoXLc5qO6ZFTcgGRQrHyuKrSFnG00WAp/aueamViRnPFMa1wM4696XaVUD0qmkTqWHc+XtBqpgde9PEilaQMuCV60AIiGQZJxUbMsTYzVwxSNHlaiW3R/lfrTuFiO3kMjEnoKmYqDzQIkiJQdqQ4YYFJgNPJ+QUxlkQ5AqdG2DFXLdo5WIc9KLha5k5cn5ulWUgaQ8d+1aMot0i4GWJoiuhEc7R0ocuxXL3KK27BsdKmlR4lGelRPM3nF+5NPmnaQDd2o1YtCL5utBYnpUayetDSAHinYQoZhyaGfA5NPGCKiMLycAUWAVZD2qwrs/DGoo7WUcGpmieM89KTQEZPZaQRFjmnKVLVN9057UWsBXKgNmh5CnWppFIG6qe/c3zjiiwDvMDgnqKbvUDAFNZU4CnrUxj3YCjpTsIv2d+0Q8s80t3dvK3AwKrfYJhhhStbXB4ANKxV2OhuXjkUjkV1EcqOgbPWuPW2u0fcy8VfWZlX5+DUvQaZu3FzDFES/PoK4LxJdia0t4gu35yx/LitJ7ss5VuRXP67IrrEB2JqoLUTZzme1C/ex6ikPWl6FTWwhhptSHhqjPWgApKWkoASrNx0X/AD2qsas3H8NMCvRRRSAKKKKYBRRRQAUUUUgFHWpEXMefU4qMVZi/1WMkcnpQBWIwoPqTSVLMAu1B0AqKgBKKWigAooooAKKKKACiiloAUCnjA5ptITQA5mJqOiigAooooASpD92mVI33KAIqKKKACiiigAooooAKKKKACiiloAWgCjtQDigCQHB+tMHy5WlHIIobkbvSgY4ZPzD6Umflx6Ugyc+lBGD9aAEJ5PvTaKSgQtFFFABRRRQAUUUtACgU7H6UD1p3tQBGabUpphFADaKKKACiiigBQcHNdHogAnlfsVAH4mubro9AlQtJbv1OGX8OtTLYDqA7HocVdZ55FU+XuwMZqpu2jpV6zlldSgbIFYtlIYzyJIFkjAGB0pWMcgw2RUkizM3PNBQhSWGKVwKqwQ5PPFIlvEucnINWY7cPySMCpzBGnTmnzBYpCyizlRzT2towPmFTCVh90U7e7/eGKXMwsiv5XOO1J5CRnfjNWEkzkEDilMo25wKV2FisVQHAFBt4w+F4J9Kep53d6lHTzH6indiKjWqFsc5pWgOMZb86uLMGO7gNTJZgGxQmPlMp7bP7xutR+Uuck9K3CI5FG2q5tsjOKrnE4mPIOcrUoYlAGGauGAJxinCDjincViuUi25YdaWO0jxvWpCrD5WHFKG28LxQ2wsCW+XB9KnNrGDvIohUk8mrGzdxmoc7FJC28uw7E5zxitSNpV42gfSse2AS4G7gZq/cTRuQgfoeSDQkNFhwzqVIxmsG5gaNypNa4s4mG7fn8anaGCRQGI6YpoHY5xAq5381XY5f5atzoUYgciqJcryBjNVYktI/NKYuajhTecr+Na6RrtGSM0hn/9VysuzIHNPGCPmqBHGdoomEi4wKVhCNbl3ytTLAVXDdaikMwUGMZNQb7yV8ntTDQm8lm5J6U3cFOKiKXIJ960ILcbQzDJpAVkkZlJFTgsFyxq2VWNMbaqM5bkDpUjEDqxxS+XH1bmqJl5PGKkjfceaLCLY2jhelG5RURzmm8dSaLAThz+FBlwOKrFg7gA8CpsoflpWAux3O1MAVETk7vWqryNGPlHFMErEZaiw7l0vuXntUeAO+aiUllzUqIuzrzRYBpKLwB1qqUBPynHNTsjdBS29pLKxwapCL0M5EOw0Q2xmcYPNXorEBRu61YS28ttyHFRdF2bETSVblyajn0xIIi4bgetPuJLi3h3b+c1kTXU0675WyB2pktE9skUkuyQgD3rSFlamTbEwJxzg1zqTBss1TLJkZX9KTYG5Lp4C5BrPa2wabDLJ65FaLOGAxRcdrmebUE5alltMjirfPWoZphGCCeTRzMLIzXttg5OKjEMTEZaonaWVuDxQsbb8HirVyTZis48ZBq0EVBjiqNrKB8uM1dwetZtspJDWIXpUUiNOhC1bAB5YVWe5aJsIBQmMyvssiNk1f8k+Tk8Ypk1y7+1RJMWOOoq7tk6Fy2US8OOlMm0uJzndiq8btvwvFSzGUsMUnfoGgg0lRyX6VoQxwou3IJqsnnYI68VXaFl+apbbGrLY298ajBIpQ4AyKwA5KHnkU+2MsnGcilylc5utIuOcVmXcfm8Rr+NTiJgMmpADihaA9TAFk6kkDJrntdt3gETN/ETXebfeuS8UkGO39QzVpGV2RY47vQ/3R9acKY3athCv1z61GakPKKfaozQAlJTqSmAlSyuHwB2qOigBKWikpAFFFFABRRS0AJRS0UAJVmP8A1Q+tVu1WU/1YpiZHN98fSoqkl/1n4UykMSiiigAooooAKKKWgAoopKAFzSUUUAFFFFABRRRQAVK33Kjp7fdoAiooooAKKKKACiiigAooooAKKKWgAoopKAHD1p4OPoeDUYp3t60DEwQSKUn0pG/lSUCCkoooAKWkpaAClpKdQA2nAZNJSigB46Yp2ORSqMmn9higZGR0puO9S4Hbmm4JOKAISKbUhHFMNAhKKKKACrVlOba6jm7A8/Q9aq0UmB6QxLdOlLE7xHcODVPTZGurCMpywG0/UVb8m5jzlcisbBctpdTA560kl1I6kNUVsJFkDMvFTPEGVmHr0qbK5V3Yry3TFAOlWbOZ3BycimG1JhG0cmrNtbtGjbh1ptIS3InkYHPvVsBztY9G70iR5Qh+pqKWGVlCqSB6UWRadtUSIUbcCRxVVj83y9KiNuyHParL7Ai8fWiyRLdzQtQrx9MmrsflyIRjkDpXOszqCy5xUcd04OAxFVYVy1d4jlITjBquC0i80rSbuWOc1CzlDxQkI0oUMcZfOaWORpDjtWWkjP8AJ61ftbeYgnHSpce5SZNdxIqZ3DNUoWYMDmkuy6PtI5qm7kYOcYoS0BvU0p3DcAc1XCMap7nzuzmrUZZmAB5o1Qr3LkSFFweCKmhuVjY7gam+wzOBJnn0qBsRko4wRUpdSkr6CHJIdqaZ4oyzSJ8uO1PaSFlwTUE0DeUCvINUmOUWh1pMjQOCpYjpVazumjm5GVHaoMMvtQh2ZIHNVYzN9vLeMsxGe3NY8kIyD2FKk7nhhUhfJwaV2MbAvlvlTgGpHY7jg0ZUdKb5g9aTYz//1r628JbcOtTNsxg8ioIjvbbUkkbKpqBj0WPOBirQhiA4xmspck4FX0HA5pagiTy4160OI0XIpGUkZaqLZLY3EigZZQxythuKcYEQnaMg1CQI8GnmYlaBFR7eMtyKQ2K43AVJGzMc4zipt0rnbTuxFVbfedtQz2HlkZbrVy4DRrmqbyFwCaLsHYRbQjlaVYCuA3Wp4JOgatExxsAe5pNgkY00bgbh0FUFkLLyK2Z4m3kdqi8uNRjFVcViNV/dgVCFmx8nrVguA2BWvbsGUFUH41N7DSuZccNy3AxWla208PAYc0STKpKikkfCblNS3cpaGurBRh2GagmuoYuOpqhFISoLHmldUk+8alIpyKrS+ZKRJ0qBxlSoHGat7PSnEIo5FWQZmFx5eKYQ0fCVJMcOSvelCA8txTJJrZlDgMa2A0PTPWsTCqMipElK9alopOxuFVHSsq/SMkEU5ZnJyeR6VVlJlb5qEncbasVTKkZCigyh2zVk20QwSKtR2sTIXHatLkFa2PluWcfSr/2k9hVVQucGlbAqWrlIsPcnGB1qowzyxp5C4qQxApvOaWiAqhl6EUq4zwKRkGcrTelUIeFffmpT5hYZzUWWNWklwuD1pMCxCyqjMx6CshrqQuecir0koeMoKy0gfkmpUQbGgF3INX7eT7OfaqvK9OtNIbO7NU0JG8s+88UM+3rWGkxHU1KZSeSc1HKyrlqWZsfIa5XXmdxCW9WroQC1YniHYv2eIckAsf5VpBWZJy54FQMeankPaq561sBIvMePQ02lj6MKXvTAZSU402kAUUUUAFJS0lABRRRQAUUUUALQaKDQAlWU2lBz0qtUsSgg/X8KAEl/1hqOnN949uvSm0ALSUUUAFFFFABS0lLQAUlFFABRRQKAClpccUUAJSClNJQAvpT2+7UdOJ4oAZS0lLQAUlLSUAFFFFABRRRQAUUUUAFFFJQAopaQUtAAaSlpKACiiloAKKKKAFFOpAM1J1oAZiinEUg65oGSrS80gxilPNADsdQPSmcj8Rmnd804LwPypAREc1CRVkjI/ComFMRDRSmkoAWjFJThQB13ha5KtLbE+jr/ACNdVNdljtXHpXnmjS+TqMR7NlT+Nds0YJLCsJrUaZqR3UYiO8DIqus8bNzWaxB6U0ccipHc6ZJUYfLinmRAhBIrn0kbHy0/zfWkVzGt9oiZwvarnk7iGxxXPbgcMvWpP7RuR8uRimLmNV4hKWReorHkBRjG5zzTopWD71Y5PWldctvJJJ9aBNgZVSNkIyCKLWOCbIHBofZ35qOEOswMQ5zVJkg3ljK9waeZbcAcHIqbyZpS42YLHNVWtpEBLigCWGa23nIx7mtWO4ihAZGB3dawCEFITt5WlcZYvXNxOXA4rLcMzbR2qytwd+w96k2r1xmnzCKASRfcVPG7Iw2E5HSrS7MYFRkAHAp8yCx0No2oOMsVweeRUl5bbozK55HWs6yvZ4gY2O4ds0y51OWQGI4Cn0pXGZ5Yqx9BWna3RYeWSMD2rGYlyV7U61WWBtx5pNAmadxhSSe/tVHcDWo1zE4G8VFKbUYpqXcbRUyBzThIKuk2bRZ3CsgsOo5ovcVjShVJHCnvWoNOg9K5yKYowbGcV0a6habRzjikgP/X10eLdkDBp7ShvlI4qK3SMnOa08QKMDn6Vi2UkZUioq5TrUCOy81LcBnk9BVZnEYqhF1pWdBnAohjjb77AVn+dmp49rEA0BctTNCFwDk1TMmPlFPlCg7RU0NuhQu1NCeo+B/KTlRz3oMjH5x2qB5A429hUYOBgGlYdwkYzcEkmk8kpjIqSOIk/LSzOw4btQhDFALcU6Rm3Zx0pgYVL5gxtNDQDVlfOSKMh25qQOuMYqvu2tQgLAhjJzT33IMKfyqvuyDzUiP680NDIByeetKuc4NSMAW3UwMobJpiLRhYr8tQojxvlzxSiZ9wGeKbOJfvjpSSBlppVU8VC0ivxVMzg8HrTRvblKLBcuLGvT1pJLfYu4mrMKAqDJxSuyPlTSuOxShRWOCaleBR8ynNSKi444phLrxTuIfEdoPGabhmfOAKATiozupWAkkYk4NTjhOKphSTzUwZlXaKGh3KjswJIpy7nAqYqdvzU0YxgVRI5g6Lgc1KJXMJBpgZsYFChmPzHipZRXRWJ5pT1xinyKR9w8VJGQMZGaq4iuSRxiot7NJsrXCRt8x4PpUH2VXPmDrSuFir5bI2W6U5wFp0jOPlNNELycgUwKzyIgyTiqxZ5eYulW7jT5HX0qmmnXUfCng00iWSQhw4Vhx61prFH9aZFasF+frVmOAZzmpbKSE8kHoa5DxBhb4R/wB2MfrzXZsijnNcHrcvmalMR0BC/kKcNwZiOeai709uTTDWwh8Zw2PUU81Ev3xUxoAiailNJQAUlLRQAlJS0lABRRRQAUUUtABQaXtTe9ABU0WcYHOe3SoTUyY2Z68HIHagCI880lFFABRRRQAUUUUAFLSUtACUUUUAFOUU0U8f0oAX0ptOphoASkoooAKcelNpxoAbRSUtABRRRQAUUUUAFFFFABRSUtABSUUUALRRRQAUUUUALRRSUALRRRQA4VKKjWpD1oGNI9KQelOPvTDQBKKUdc1HmnrSAsKvykHtShecD60o+9kelPADd+1AEWMMAfWo3UgH/PSpTzR0Y/560AUmXBNR1bZarMMGgQ2nCm0opgTxuY3WQdVIP5V6KHV1B9QDmvOVrsbBpJbSNh0A2/lxWc0BotGgU5Oc01UU9DVZpD5hWp0yCCelZ2GWEIxhaWQZX5etRRyRknAqdcHI9aWwECls7TT/ACyTmlKnqvWkEoBwadwEVSrZFTGTioiwY8cUu3ijcBTJgVYt7jypBJjIHaoY0BzuqXYoGR3osBfXVog3MZHvVeW+FwpAGPSqvlA9aa0QHI4pDuynKHaUDOAalAUDBqcRhuvao3Q1WjERFFXBHNQGQ7h61b+6MdaaYV+/3oBoYshB245NSiXHXmnAKOo5oMagZFKwFpXRofRqzpEbdnrVnkLSbgflamgY8KgQZNOLqBgVCxROvNN3g9KQyQnuKcBvU57VAJADinmQ9qBDWYA8VJmJoC38QqBiCc4pAQoNOwDo2CuGIyKfuFRgDinZPpSYH//Q00iWHnNWhMFUlOtUHkK9aasnUmsmh3IWmd2Oart7057iMnHFQvIq8kU0hCYftUvmMpX260wSKw+WpEieTk8CmIsxuZTmtcLAIuayIyIxgGnNcH7pNQ2UhxMa5xRgEZFU23FuOlIzsO9NNiLqllbg0ydHJ3Co4WZzzVti4T7tVcCim8tVzbkZqoJgD6VKJd2eaGxF6NAUz3qFkBYk02OUqhI5pokck5HWkhi+TvU+X1qNi0XytVxJ0TACmqdwHk6d6L3BkJlPUU8KZR8vWmNDsT5eTSxRyxg470xDlRywBOK10YCLy5DWP5b5znmn5frnmk9Rpjp2gDYUUR3KoOmBVIJO8pJ6GpHtmOMmiwrmikvmjIpwBqnEGjXaOKuBsDmkMdu7U1ualjjMjcUNGUbBoAiXJ4phJBqVkYcikVN/WmAAd6aSOtWVhI61FIm00rgNjIdiGpjqFY7eRQoIPFP470wGKO9TcY4qIuopA2aAJDgUqLu5qMBqVXKcGgBzN2pCzoODwaibOSRSgSFeRQAEFuKmid4xgUJG5Wl8l8ZougHPMxXFVzLISB0qdVfZ05pjwSbNw60lYBm984Jq5DGuN26sk+YDz1q1BOdpHcUNAmXHA3Adq8vun8y4lf1c/wA69DeQ4Zy3RSf0rzTOeaumgZGfWm96cRTO9aiDowqw1Vj1qyaAIyKbTz2plABSUtJQAlFFFABRRRQAUtJSigBT0ptKaSgBDVg8Rde3b+tV+9WHOF25644HQ0AQUUUUAFFFFABRRQKAFFKaco4pG4NADKKKWgAFOpopaAFzTDTs02gBKKKKACnHpTKeelADKWkpaQBRRRTGFFFFABRRRQAlLRRQAlFLSUALRRRQIKKKKAClpKWgApaSigB4p/X8qYKdmgYHrTDSk000ALn0qRTUNSqaALaN0H4fWrAHA+tVQwweRxUytwe/ekAu3K/nTKkz3FR8D2waAAjIOP8AOaqSLVzPyjPJqCReOKAKdLQetApiJFrrtBm/0eSI/wALZ/MVyS8it7QX/fSp6rn8jUS2A6SSJWO8VCyyE7VqfOOCaQkYyhrMBpj2D5RzThJioD5qtnsaWJCTuaiwExkbqKPlI3GnB1U4pkhHbvQkMaGQ8Cp0OagiiActnrVgBl4FVYRKV4yKBuYGo1Zu9P4HK9aLDHoGXhjmnMrbcnpUQc5qfJZcVPKBBn3pzK2PWm+Vs4NWA3ajlQFLkHBFPXmp3XcM96YowMGh6DEIGMmoHLEYWpSGFICKVxCQHb8rmmyMgfjqaay5O4GkEIf5gc4p3AhuMlwAaRPTNRlG347VaWJF5ApiEaAHkE5qIybOM81PyDjNRtbh23d6EMQyFwCvagAn7/FOSLYadINw9KYh4KAU8OtVfLIXnrTMv6UrDP/RlJZ+AaTyZzxinGPy3Bq99p2DkVmwMKTTZy24UHT7llwTxXSpKHXcKaXDHg0c4cpzkdtNAPn5FSfaedvTFdGIY3+V6qXWmRMCY+DQmmFmY0cjOSgPJp0aSBiriligEEmWOSKsyyFjuFVoBDKjYyp6VntPsba4rWVMjJpptoZGG6kmhE1nd23lhE5c1rgOFxIBiqKWMUUQkXg1bGHT949S/ItGU1qrOzK3WqTRyKdoPHrW5FbxFjg1C6RrkGmmTYkt7RjGDS3ShGG0VFHcMilB3pH8x+W6ClqMeu0xkEZNQnIHAqzCQoJapTPCEwBzSCxRQlfrT88805V3uAO9XHtX2fLQ3YVigCN3NTyonBXvUYhdT81BJIwBzTuA0x84FIFboelWbdNx54NSzhFQ460nILDAsITrk1B5iDjGTUPJHBppG3mmFy4bsou1F696fC+45eqiKCCWNG7B4pMdy9dSKBtWqIcqcrU80gcKR1xVfaDQgb1HPPK/egSNnnmq7PtPSp4wzkYoFcutLEIuOtZpnAOPWtJIWyQe9Bs40IZz1ouNozgrONxFTLJGoxg5q88XmKFUYAp0cEcY55NDkIzgksh+UYFaMcKInzjmptwXgVG0nNS5BcjlVWQqgwabADGuHGamGD3pd+OBS5guHmoo4XmoXuWUYAFRT5HK1CjbhgjmqQ7khuWyMY4qZL8sdrAVWa26EGoWRI34p6BzMuMoZt2eDUZji6L1NDYKgCodmDmhAV7mJkikIPRG/lXngPAr0i5ObaXP9xv5V5r/AAitoEgaZ3p/amt0FWAw1YByoPtVep05jHsaAGnrTTTm60hoASkpaSgBKKWkoAKKKKAClNA9aQ0AFFJRQA9Pvj29adIedo6Dt6GiPAGT+fpTCcnPrQAlFFFABRRRQAU5RzTamUD9KAHAcVE/XPvU5OPzquxoAbSmig9aAAUvekpKACkpaAOaAEop2KSgBKeelMp56UAR0tJS0hhRRRTAKKKSgBaKKKACiiigApKWkpALRRRTEFFFFABRRRQAtFFFADhxSk0lJQMXNNpaSgBKepptAoAtIc8VYTkj3qqhqZDjBPQGkBMG4AHpTWx/WjkDnpmk3Z60AIKYwPGacORn0NI3T86AKjDmm1K4zTMd6AJIvvY9a1NEYre465Q1lIcNmtnQiEv2JGcIaUthHVKC45HFRiPYSG6VbWZDwOKZIBKvHUVkgJVEbKKbImM7BmqwbauBUsTFunWmMpMku7p0q6ih0wetXMg8kVX3lG4FDYWKcheM4xxU0ZdhkVK9xGT860/egT5KLhYpkyb8N2qUB88VKMNQxCcCi4CJEwOTQ0hTg0wPg8HrQQ0vB7UgHtLlQaYJKCAF24qq78gCi1wL6SEUOTnNV4jxk1KH3DaalgLnNKcBelICqinKykGmgIY0359KbuMbYqRmC8iomQyDIp2TAlVw5p/WoFUripUJzgilyjH7ARSAVOq0pTI4o1Ai2KaiIUHFPyynGKa6eZyvBppiG5z70/cfSmray5yDV0RMByKd0B//0rjSKyfP1qFZEkOw1oCz3D5qeltDC25qzHYS1i2pg9DVk20CgupHFVmdChUHAqgZcDGahj0OgMUeAaqXhaKIlazVvW4GelRT3MkuVfoaSWoNroZ5cu/HWrsKY+/VN18r5xzVuI7kyeprRkIn4NM2kNuzTeQM1EJDuw3epsM0/tS+XsOTVcPuORxVViV6U6MlzkUDuWhKU4BqLzlJwaYwxnHJqk5KEmhIVzSDDqBSS3DH2HtWdFcF8A1ZC7zg07MLllWZ+RVry2aMEio7YqpxjgVNJOZPlUbQKLjsQopRsg1oxSymMkEZ96z9pGTUAuQDtU0SQ07F1rhyctimxzhDkrmqLAnkmno+38KQrk7XJDll+Wq7TM55OaQsvLNUYdOopCJVYr1pyybjg0wMho4XmmBKSM00cHJ71A74xS78kA0WAtOCv40wI2eeKckqkbSM4p8kwbCgYouFixHHEw5qzEoTIAz6VWt7VpRkGtMRmGPJ7VMmMjAfvxQxU/eqlNctj5acsyCMM3Wp1E2FxKyDK1HHKzMM04yxyHAGaR0z04poRZkkjUdeaxppZC2c1I8bE/LzVhYY8Yc1SSW4WKsE7hgD0rZyuARVVYoCcCrOzAwKmVmUkNwCabtjBzUvlmmTRSFMIOaSAhNzCDjNSBYpRuHNZv8AZ1wTnFW47K7AwOKvl7MVyRoj1AqkzAHDHFa0dpcEbXPFSjTICcvyaEMw7pUFjO4OcIa81x8v4V6pq9oYrCcRdChzXlo7fStqYmMNNbsKcetMJya0EN71NGflYfjUJ60+M/MR6igBzdaKQmlFADTSYp9NoASkpaSgBKUDJpKcOBmgANJRSUAFHU4pakiH8QzmgAbgYHGePYiozUj9f5ZqKgApaKKACiiigBR6VOv+fwqEU/OBQA5mqE0pOabQAtJRRQAUUUUAFOApop4oGLimHtUh70xu1ADKcelNpx6UCGUtJS0hhRRRTAKKKKAEpaSloAKKKSgBaQ0tBpAFFIKWmIKKKKACiiigApaSloAWikpaBiUUUUAFFFKKBEi8ipgeP1qFakB4/CkMsDI6dOtR9KYGOPyp3+NABu4pW/rTBUuMjP0oAiIziowKnxyR7mm4oAjxXRaJbtJJNKvZQPzNc+RzXSeHrjy5JYem4Bvy/wD10pbCNYQylhxVtY2hGTUrXmwdBTWu1kGGFY3KsRFkz061YtxGxJFY8kxZsKOKvWOQcNVNaCJpJSuai35GfWrUluceoqnvCHHpSQMbsLkrUgwg25zSLKS1Qliz7SO9MRPvK1SmlZ16niryBQuGqvIGB+RaSGVo5Fjb560PtIK/KKpEJJw3Bq0ln5kWENN2AUOxG4DNAK/xCrEUMka4xTHiLj0NAEDSbeFFKrDnPB96YFaPIfmnNtkGBxRYCVPm4604rtTK9arw5j4PWps5NS0AwIxGW6UbmQ06VmCiolcY57VSAs79y7j1qRSD1qAMGWnDAPFFgLS8c04vtGRVUsegpwyRg0uawyZmDCosYOaiKleVNPDtgZFLRgSiQqMCpBcN6VBuUim76mwH/9PduHuEUIoyaqEzOuHFTxahub94Kc92rvtRc1jcu3mVmhHl724rKmYA5XpWrPcYiKuMVhvPCODTREhyMN2TVkHfyaofaIg4281deaN0BX8apoSJCquuDTGQjCr2qJZE6E1OWVe9IYm1z1PFEXlM5DdRRvB4BpIraTzTJ2oESKQxINPACjiqsgAc4NI0rEYA4osMnEvOPWqs0Ui/N1pedwxVgvI6kDtT2EZgdUJc8UsF0fMO48UPZzytwKs22lyJJmUcVdkIu2Vxu3Kvf1qxIxRMCo3SOE7Y+tTQq0vAFZlkloPOBVzgVTuLVIJiUOa2WtDtHl8GsSRXDsCcmi4MgYktgdacSwWkwFbcaHJX5u2KLCK7SO3Ap4ikPApIJomYs3apnmGeOKYivJOIm8vvUrO5UEc1nzOsjBh1zV9pRHGFHNOwETFlXLHk9qcz7VBJ5qoH8ybcAcCnvFNMflU/WnYRct5snJ5p4bMmCaZb2lzH1XIqZbO5Mm4jgUmkM3NNfGa0nKtnNZ9kpVCCuDVsgg8iueT1NFsR+VGQTiqMke99iDArQeRI1yTVL7VHvyDTTYmiD7O0GXquZJ3O1QTV5ovP5RiSa1LW3EKYYc079wsZEFvdN0G3NWhpjscyOa18gVE8236Umx8pVTTYozkE1cESKMmmrKGOAaJirRHNF7jtYrm8tQ+zOauqVIyK5828h6LxU0UtxDw33RTFfube4Cl3ZGRWJ/aLO21Vq3HPL/GOKVx6FwO2cEcU9jhSScVXmnEUe81hSXEkvDMcHtTSuJuxJqV9GNNugxy2wgV5YOMfSu/1HH9nz4H8FcAemfat6a0IbImNN70pptaCA05eGFNo6HNADz1xS0rdTSCgBaaaWg0ANNNp9NoAAMnFKetKOBmm0AJRRSigA6nAqwflUDk9gelRxfeLDt0oc/MT/nNMBjHnjtTaKKQC0lFLQAUUUUAOFJmg0lABRRRQAUUUUAFFJRQA4U8dBTKcDQA7+E0xutLnimnrSGJS/wANNpR0oENpaSloGFFFFMBKWikoAKWkpaAEooopAFFFFAAKWm06gQUUUUwCiiigApaSigBaKSloGFFFFABThTaeKQDhx+NAP+FKCMilxz+NAAOlO9vxoCkjApM0ASDr+NSgZHHoaYuc1KpxjHrQA1hSEd+9P6qPxpjcGgCI9SKvaY+y9j/2jt/PiqbZzihGKEEdQc/lSewHoyWayR/MeQaVLMRN6g1atmWSFZgeHAb86jlky2AawuVZALSE9qlWCJORUHnPHhG6VOZI8daGwSRHK5jFZpWMn61Zu5dyYQc1QWcY5FUiWWYrZmbOeBVqe3UDK8Gqcch3itldso+fGKTY0jn2YdM1NE+cZrRmsonwVrKnQwHApisWhbwztgdaQAwfKp6VVgck5BqyQTyaLAIJ3Y81cEm7oO1UohmUAjqa19kSZxzSsNFf7OJuDxUAsCrcGrpkbOBwKcCQM1LlYdjNltpN4IFMcbMHGK1Dcqpwahk2ycBeveiM7g0UwplG0U9rXyVy3NTJCU60+UDbzzTckhWKHsKlCHAY9arlJC2VFW1aTaMiruIQlaTHoajLqD7044bp1qGMCf0o3r2pGXjHeozhBSsIlYAjIpmPWhDkZNO2r3NAH//Uej84FXkZV+bNZy8DNNDNyayBM0JXjkGG71WFhBJzTEwRupu+RX46UJsCZNPgDFvSlkgUcIKkWRu9WowrcGndhYyYohuJcYqwyRbasXCLGNwPFZ7SIe/FG4EDyIrbVNa8LMY8Z7VTFlHIRJWpFEqjYtNgjAkWQSsQM02NZTy3St5olQncKcqKRwKOYLHNmSUN8q5rQs3mB+deDWnJAi4IxmoirD7tDYJFtWVRkDmoJriboi4qWLMfzPzVwlZOVFQWYMcqtJmSugjMCANHzVE2cWST1q3H5cQwKJMEi0GZ/bNUpbWNsgdam88Z6VEZecgVKbB2KbabvHBqt/ZM3TdkVtpMT1qykqEc0+YOVHNPpO1fl61AbCdhtC5rrWeMioBIq0+cOQwINK8sfvBmrDaap5HStkSpjJpDcL0Ao52HIjOgsoEPK1akkt4VI25qRirrWRcthtmCaLtidkaEUu/GABVjHBJIrHiLbQQDQ8cz/N0FJhzG1EjMu5TVa6EyAsTxVaGSWJNuajuJZrgY6AUrDvoVmk3Hk5pY9rcVGImzxT+Y+Mc1RJdin+zDOM1YTUWY4K1mSZKdeaLdgjBmrMtG8jGVGU8HqKpXFx5eY+vHWqE13IJmmj7Cow/nIXY8mkymR/aZA3BrTt7mSVdh7Vl29uHY7jV2zcM5jX6ZpWJVzSF0FADetRXciyRjb3prxYOzPNRywtGM9RVxixNlGOMq+7OKuNdzHC54FVyD0NAjOa0dmSiWYySKDmkhizyacAAMZpYzjIpXsFjN1DJs51A/hNeft92vS7kD7LNuH8DfyrzJ/ugVtB6EsipKWkqwCiikoAl6gH2ooH3QaB0oAKDRRQAlIBk4paU/KMd6AGk5NNoooAKXoKKcBucLQBMuFj5yR1OPWoGPappDn8fyxVegAooooAWijGaWgBKKKKACkpaSgBaKKKACkoooAKKWkoAWnU2igBfSkopKQwpR0pKeuNjZoAjpaSloAKKKKACkpaSgAooooAKKKKACiiigBKWiigBaSiimAtFFFABRRRQAtFFFABRRRQAU8UgFLSAWnLnP40zNSAUASjpTAP5U4HoaU5xQAAmpNxqEdhTlJb8sUASg80Nz0pueDS9z+NADPrQBSHg/SheKAOz0m5LWKr/zzyp/nVzfk5NYehSAvJAecgN+XFdN5UZyBWDWoyv5oYgGms2DSrbOJNw5qGXzQ/K0xF6Nd6HI61FJaMBuxVm0+5zVmXJiIFTezHYylQBge9acS7xWK7PG+D3q5FLIpBXmqYI1RE3Q1WaKIkqwq0sjkAkYpcfNnFSmUZDW3ltlelN3de2K2JpVXqMmqrQRzEN92quKxHA8RXcw5FO85CcHpUEojRtg+lRQjLkNwKQjVjeIqSDQrqxIIPFLbiLBwRgdaUzwq2BUuxRXliD5IqilwYpAp6CtZpI2+UEVQns2kbcgqtyWXhJHKu6s6YgOSvShA0KlWquXwOaVhtkoYggg1L5u5SKzfNwSF604SMeSaTuIkdCOetM+Yc08SDFAKueaBDg+Rk1JlWGDUbKCvyUzd2xQBYVUB5NNKnPFQA4OTU4YetGoz//VsNECuRxVMFei1eYl846GqIspQ25TWaAcoJG08UjFE4Jp6287NtNRtYvuy1OwAsjcCtiNQFHPWss2bsMDjFXLdJVG2Q5xQwRO0YIw3So/skHXFOlmCEKasRkMMilcojjKRrtApwlw2RUphVlz3qoYGLcUgFk8yU5FSIrquDQgkiHNDzCkIryRyltwNTIJCoU8YqUSKVyKQMzU7gHseaerFee1M8ty2akZWxg0h3G/aFzg1IXBqBrTPSq8sEqDGaQXNIbW6U/CA1lR+dGu/PAq9HIspAFNhckZsH5aanmD71TGMDpTeQc1IBvx1qJst0qOS5RahW8BOBQFyxtNOVGNReeA4HrUpuFWgCUIVpSqt94VGkpk6VFPKw+QdaBFncU4C5FS+aGXaVxWWk7r941fibzEz3pXHckVY88ipDHEeAKiw3pSkkCgaMuU7JG8s5xUYcnk1G6NHdlz901YUiTgLUtAVHPJJqGKUNJg8CrskW18N2rM8wmc5HHarjqJmmnKNGOeetZ8pEJz0FXoZELY6ZqG8UyRkIMmmkDuRxsW+VDktVt9lpBwf3hPFV7VCgG8YIFR3MiFwW6jp9aE0nYL6GzZrKEMl0PvVG4lRztO5DSQ3jPFsf0qFppCAPSrAkbK80pLEUO5dR2qYupixjkVIrESo+7IqJpHEmKmSdgcCmnDOWbg0uUZVvHYWc7HoUIrzeT+ld/q0xFhLnoBgfjXnzGtoLQljKKKK0EHeko70UASj7g/GilH3FpKAAUlFOUZNMAUY+Y0wnPWnM2enSmUgEooooAUVLCCWJ9B/OoxU8QxHkkDJ6+lADJWyeCSAMc9qhpzEsck5yabQAUtJSjrQA7pxSHrRSUAFJS0lABRRRQAtFJRQAUtJRQAUUUtAxKKWkoAKKKKQBUi/wCqY1HUo/1DfUUAQ0tFFABRRRQAUUlFABRRRQAUUUUAFFFFABRRRQAUUUUwFooooAKKKKAFFFJ3p3PegQUlLQB3oAeKU0g4FKegpDG4p696bTxQBIM0ueM+9J0BIoPQ0AM9z60qt2FMbvSA4NAEw4I/Wn55qJW5pff6UAPIzzTRS02gDV0uc294j9AflP0NdaXJbNcGj7Rx1BzXc71eKOZf+WgB/E1nJagW7YyNJgc1blj+XnioIUkV9qde9XplUp85wcVk9ykZiLngGrLqVh5PSsxz5cuFPFX5cvB8hzTaEig+JOCeRV+zAzgjNYxfB+la2muSGIoktBLc1SGZgBxinSCNGXc2M1BNKwG5eorHnuTI2WpJMtuxtzyWqkc5PtQ8kZTclYG+pkck7QeaqwuYWZTI+7pUb5iXjvVmZXgG5uRWbLO+Q68ipEyaKYn73FWeH5BqisplGMYqQblXCcnvSsIcJfnOavwXjRjbjOaxmYbiH4qMTY5HaizC5s3Mvm9BisyUMwODUiyeYvNU5o2MnBxVoGxrdsjGOtBfA+tDyqBtYZxUS3CZ2gZp2ETB2xlOaswPv4YYqOOUrwFFPMTs+5TikxlxW2nFPdRIuR1qDawABqbDAcUgKyjBwRTG3ZNT5YHBp/yHrVID/9aRpdoApBM3aqzbW4HWogzK4U1lYLm1ExODVh42PNQ2kJlXOelSvIyHYxpXKEJ2jDVI0arF5g61VkkVutNNwNu3PApXArThpsMOoq5bMVX5hzVYHPOeKcJgvSncRpbWfLYxQEcDNVo7s9DVl52RM9c0XGRuJDx1pPKJGCKSO4fPz1Zl2yJ97FKwDIYwh5qR8JzwBVaO3JOVao7gtu2UMCeS7Cgbeai+0lutZ+H3YPSlZCehpCubsXzjg0825YZY1jwSPC3Xin3N254U4pjuixdHyY9qkENWaJXUbhSvKZownpVdslgvaixLNOHUGHBGau3FyqwiQd6xV2AbvSlmmMsPljtRYdwf95yKrbHR+OabHJKOccCpodxcsw4q0hBLJgjFSLLxzTJFUH5ec1NGgwS/pSaAliuGXlTRK5Y7yearIATkdBU+Mjip5QGgknJq7DdLGm2quDtqIwbuc4p8oXN2K48xciqpuC0pSo4yI1wtR/KXz3qWirhcKc0yGfy356DmnmQE7WqAxKuT61nca7liW4WdyyVHHCJDgDmmwQlCTjg1YuJfKQNF1plPcY9uqMeQMUyBipI96IpPtgPHzdc0sZ+fae1V0Ex8pO4Y71RlhHmkntzVuctkMB0pqxNJunfv2ppIlkQljZsDqKuLIu3AFU0s1Em6rqQ56GrEQZYt7VZ42cUzgHBqb5T+NRORUULFsX5zyR2ppG9i+Me1SssQXCnmo9xAORWbmymjmvEk4jto7YdZG3H6CuJPWtvXLgz6i4/hjAQfh1rErrprQyYlHeiitBCUtBooAl6KPpTae/Bx6U2mAAE05mxwKM4GKjJoASkoopAFFFLQAHpVogpHwApC9++fSq2MkD1NWpvu8AYJ79RigCoaSg9aWgAooooAKKKSgAooooAKKKKACiiigAooooAKKKWgYUlLSUgCiiigAoycbc8UUlAC0lFFABRRRQAUUUUAFFFFABRRRQAUUUUAFFFFABRRRQAtFJRQAtFFFABT+vWmd6WmA40lJS0AOo7UpxR2pAL6ipBj9Kh709cUAS8nP0pmadn0qM54zQAwk00mgmkoAeDzUoPFV6lVscUASZzkCl+lR9KUGgCdfeuq0s+baKM4KMR/UVyaHmuq8OhZWmhPYBhUT2uBtxPcROWDZB71PPKSmTzVeWFweDSbHK4PNZMYJGsqFj1HelSQDgHinoAo2twDTBGgOVNFwJkit5EO7g9ajQxwnK1F5oXKmqbSNuPp2oA2kmR+JKoXNsA/yHIqLzNy8VY3AID7Uk2gIjEVxio1JDZNWEnB4NIVV2wKpPuI0Aj3EQXsKzJIPLJX9KvMtwsYEZ7Vj3Ed2z7ietJR7DY8q38PFQFpkYnt3rOke4Vvm6Vs2rI8Qzz602rElHInfAGDVpYFKhc1P5cStjFL9n53IeaVx2HbVjAU1DcwCRCVqbYzDa3WrKoqDaelK9gsceYpjkYNNjRw47c12EkMbcxiqVxZYXzFXmtVNCsV43C1NG+eKpqWA5GKeJCmOKLAX8MSKleXbharrMdo4qYoXXcBU2GPJB5NN+Smjk4NaaQQMoO4UgP/15DbKRuBwapSQSLlutaJf3qMlm+U1imwHWfnKmSSKkYMx5NMLlCB2qu0rF8jpS3GWii9M1C0PBwai8wk8immcKMk07MRMqts2mkLxpxUTXK7eO9R7PN5o5QJRlnBU8CrH2jPy56U1FRF2g81jyF47gkcihK4G152SB2q7EI34rANwQM45rasQVj8xz1p2sCNFtkCBgcZqnJIpbNPuJ4zHtHJrIln2iotcpsuO/pVBp2yQKrw3ZZ8NVaS6bJUDvWigTc10uF4BNNklRgcVkx5YEt1qSJ9pINPkFc0oWAPJ61bdBjK1jKfn4rZiDsozSaBFQqwQ+tRwlmlCkcd6347Nn+ZqurYoqdBRcqxjCNFHFKQCMCp3tmVjjkU14nQBiOKBFbyQCG9KdtJ7VYRS3QVYFvIfSi4GaFVBjGKftwMirzWrn72KqyAo200wDbmmnPTFSLkDJpFbccUrgMY/LxVRZCsnzdKsyyiPrTAqTjIrN6lIQgNICDT3Q7hg01LZixOcYFIrDGxTk1m4lIke7EAC55FVHlZkz261UuUJlBPTvU2D5gRPu4q+XqK/QsWcrLyg6Gr8gWQeanB7iq9tCqqTnOe1EwfzkEHTqapK4mxhuFPyE85qcS4G080x/s8syhfvDqKc6DftHAqJq2w0PBcHeRSh/NYkcU6NZD8rjj1oEZTIUVN2OwzcGfy36gUjBl4XvVWJHineRznNPe5IwuOtNxYKxdETBASeaEycB/WkE3mBcHmo5maJgW6etQo3GzznUDm9n/66GqVWbts3Urermq1d62MhKKKKoQGgdRRSp94fWgCVzljTaCeaQ9aADNNpaSgBKKKKAClpKWgB6/6wU+T7wyOcZz61Ghw+fY0pxuP0oAjooooAKWkpaACiikoAWkoooAKKKKACiiigAooooGFLRTsc0gG0UtIaAEooooAKSlpKACiiigAooooAKKKKACiiigAooooAKKKKACiiigBKWkooAWiiigBaKKKACloopgFLSU6gQfWkzRRSGL3pwNMooAlBphNGelNNAAabQaKAFpwNNpaAJB0oBpmaXNAE6810OhEi8Kg4LIR/WubU1saXIUvomHrj86mewHc4BU7jyKYCQeOlVmkIyGqaE5wPWuYdy+IonTLGqfkg521aKjB2np1qE8DIqrjKs0SouW5xVQIGG6OpZnLHBpkYCKcHrzTbJEAKH58ClbEowD0qlKJCwb1qzbxkNg/jQ11AcuMY71LFkOCx4qR40IBHWrSRx4BpXHYsk7wNnNNfZwrdajRo0YYqy2wrlqLlFK4trcrzis94dnEPStCRFZTnvWW0/lsVPanqSxnmSqcNU0bsT81NeVSm4dqjF3HtosIuNKVpheR8MOlUWvhuxjirUZlkTcOBSsO5NG7ZxWnbtv+Q81iPKYyN1aUcUrRiSPr1oa7Agu7eEPkDkVB5CMASKky7k+Z1FLv+XFNN21B2LEFrEFANXjHHHH8ozVaHaV356U2W5y21elFwK8hQk7RTRjFRO6DJFQb/eiwj//QdLauRvjkB/GpxazjAPeuWD4fIq8k0j/xkEdMGk4iudMunb8NuwAPmqJrJY22qw5qrFLL5Ij3Fi3JJNQrl5dr9qnQC5Ha7pCjMKik09JAyiQAj3FUZbeRZC0Z4NZssc2/kGqSQGrHp6HJaQce4rQNnDGmTIM9hmsK2WRCdse4npmrcNtNK/mTnp26UOwE/wBjuWchDmnCymKZZeRVpYlT7ualVpOgYipugsZ5024dQQuM1djtLlEEZqdWkHy7zinGV88saNBkRtZFHzCoXtAw+ZaszNI3zAmmm5uMbTjH0oVgM1tPAYOgqsulyFixHU1tm4lC7eMfSlF3I3HHFVzCsU49LZsDGDV1NFQgFutWI7mbdnirTXLIMk5qXIaSKsenQIcEU6WKOIHBpwnSR9zDGaqXd1AsoDKSKWoaEkNySQpfHpUzTy7tobOe1UUuLZlOEIParqGJlD9CKRReUyEfdFV7mRgm1sVKs5kwqCmXKRdHODTcuiQuXzI4QNoPrVxVUcmqsY2AL6VaPI4q1sQVZTycVVjtWnYyZ6GrMnXmp7KSP5oz1zmiew47lWa1k2fKKrW8BIyetbV3OIY+BkniudjlkQ7mB61iU7XC7tJGBwKpW8csZO7tW8boyr0qg7jBqL2KsVVeaUOV9cU1YiDuB5xT45BGxA709ZFBJWqsFytFsMn73kGpraNTMcHPFVZgGJ2duamsmMJ3PxmnJCRqWcW7dt7GlvI5Am2MbfU1Ppw+QSKfvHkVNcSjBTvVLRBucskEsHzpzitEM5UTEcjtT3iYDdTVfn6VlKVwSsMTUtm7zVOSeK0fMBiD4rNIQtmQcGtGIgx47dqnzZdzNeTzH9KeAD1qR4kLZXtUBzuwK0TTM2Rqji4yD8tW5EWVQG55qDp8zGrO9CoI7UpabFXPMbof6RJ/vH+dQVo6pH5d/Mvbdn86zq61sQFFFFMQU6P74plPj6k+1AC9aSiigBKKKSgAooooAKWgUUAKv3qD3pY/9YBxzxzTnADHBzxSAiooopgFFFFABRRRQMKKKKBBRRRQAUUUUhhRRS0AKKd3pB0/GlPc0ANNJSmm0AFJS0lABRRRQAUUUUAFFFFABRRRQAUUUUAFFFFABRRRQAUUUUAJRRS0AFFFJQAtLSUUALRRRTAWiiikAUUUlAC0UUUALSGikoAKKKKAFpRSClFAC0tNpRQA4VetH8uaOQfwsDVAGp0OOaGB6RMiscj1qJW2kA0yN3ZEcEYYA9fapFIH3mX865uVhdFq5cKoTPUZzVASuFIHWluAJJBh1x9acnlof9Yp/GjkfYOYro7McyCnKy55qZnhYcsufrVF48ybhIuPrVKDYrksvmSNiPoKsQEhSCKiikij4aRcfWlaaANkSrihxfYLosIwAwe1SCQFeKqi4tRw0i0farQf8tBU8kuw+ZEucNmpfNOKzWuLfduEoqT7Za7cGTn6Uezl2FzIsmUMeO1QNbo4J71WNzaBtwk/SnfbLYNkyH8qrkkHMgSAmJlPU1WFixPNXjf2f94/lR/aFl6t+VVaXYV0Q/ZYo8ZGanDbVAXgUHUrMjB3flULX1mwxlh+FHLJ7j5kPdBMhJ6jpWna3LLGIhjPrWXHcWoGAWq1G1uTuBahxYlJGgF+YkjJNQGByc9qlSWMdMmpPMX0NTysrnRns5j/AHeaN64qWSGFjuOarssS9j+dVyk86LMcEcwOeKhNpHnr+tRfa1iBULnPvVY3kefufrSVN9w5kf/Rowac5bLDgVbFgpcbR0reiUqpG2oHjmRuBWXOHKUliKNtAxVn7IFXzCcGnGN369ajZWzg5qUwsM21K6RFRgZNJtKj1pu09RT1AcNsQ3YqpLKATzjNSs7Ou3B4qm0Mj9RQk+orkkU3OM5q4MtzWetrIAMcVqoAIwGIz9abQ0R5bPFO2MSKdlQOo/MU4SKvO5fzpWYD2yFpqspHIppnU/eZfzqBplxhWX86FGXYLoSVzVVXOcVPI8bL99c/WqfH95fzq1F9ibo0opCRV5AXWsSNwnBkX86uJdxJ/wAtVpODGpIllbyzjvVK6VmIbHarIu7PO55ATTjf2J4ZhQk+wXRWs4lwzycbeakabcu48EHj0okvbAqVR8Z9qqm5tiNokGPoaXLK+xXMrG3aXJJD/pUt632gcDGO9YaXtrGABJ09qkOqwdn4+lPkYudGzbuTGAwzjvV4bMZ6VzkOrWcS7WLE/SrH9v2IHIatUmRdGmfLc7AfmPSo47d97N93HeseXWbRyCoYEHNL/bcAJI3c0NME0XZHkjcrn86VZiybSoPvWZNq9rKOVbI71Cmq26DG1jWfLLoVzI20l4xtHFOby+Ts4NYa6xbqchGpsusQycbGA+tZ+znfYrmibYitQoBB3Gkks4FYODwewrEGsQqoXyicepo/txVPEWfxquWXYalE3WtbePDMOG6Go3itmTDcVkt4gLKF8oce9Qya0JBgxD86OSTYuaJ00MkESjyTgd89KZM8BIJPJ7iuZOr5UKIwAPelOqM/WMVXs29xOa6HUJ5Plk7gfrVNoRJJiMjntWH/AGm44Ea0n9quOQig1Kog6iNh7KeN8NzmrAV1UgKa5861cE7tozT18QXiAhdoz7U3RuL2iNmFGwXIzk1MYUKkkYPaufGv3uNoKgfSmnWrsnJIz9KFStsHOjUCb2+btSmRLeQ7+hHFY51i6J6jn2qJ9Tnc5Yg49qpUw50Zmup/p28jAkUH8qwWXFbOqXEl0Y5JDkrlayTyMGtEgvciopSMUlMApyfdJplPH3D9aAClNJ6/jQaAEpKWkoAKKKKAFpKWkoAXODn0qxMc7WyD7DoM1WqdTvh2Z5HQCkBBRRRTAKKWkoAKKWkoGFFFFAgooopDCiiigApaSloAcO1FA7UhoAD1ptKaSgApKWigBKKWkoAKKKKACiiigAooooAKKKKACiiigAooooAKSlooAKKKKACkpaKACiigUALRRRTAKKKKQBRRRQAtJRRQAUUUUAFFFFABTx1FNpwoAU02pcVGaAEqVTioqenWgDbUsY1IPYUwmT1pIW/crTiRSuzOw3dJRuemE0m6i4WJNz+tJuf1qPdRuouFiTc/rRl/Wo9xo3H0ouFh/wA3rR83rSDNLzRcLB83rSc+tId1HzelFwsLz60uD60gDelOw3pSuFhwWn7aRQx7U/a3pRcBAtLtFLhvSjD+lK4CgYq9DLt71R2yelKofNJgb8UwNWhKK55GdasrK+MVDQrGu0wqu0imqBkc1GzPRYLE0si1SMgzTHEhqLy5KtJjsf/Syje3R/5at+dJ9ruf+ejfnVHNKNueTincyLZuZz1dvzpPtE398/nUarb4+aQg+wqRUsyxDSPjscUXCw5ZJG6ufzp+5wPvmrUEejAfvZ5M+y1IF0M53TSADPJHX6CjmCxnGVu7Gmec3qafM2n7P3PmFvfpVM7T0yKOYXKTGVvWk8w+tJGIs/vM49qvK2lqvzI7N9aOYdijv96N9Pla3/5Zow+pqLMfoaOYLC76TfSEx9gaYaOYLEm4Uu6os0Zp8zCxNvpC9R7vajd7UuZhYf5lN30ykxRcLEm+jfUdFFwsShzTw3GagBIqXzCQBii4WHnOM1GWIpzys1Qkk0XCw7eaN5pnNJzRcLEm80m81Hg0uD6UXCw/eaNxpuG9KNrelFwsLuNG40m1qNjelFwDJoyaNj+lLsb0ouMlQE1Y2lepqqFcUu16VwLBB9ahO4UmHppVqAGEt60mT60FDSbPemAu40Zb1pNvvSEEd6AFyfWkzTabSASUb0x6VRIxV49DVJ8ZwKpFIYelMpxOabTGJUoGIx75qKpj9xR7UgGUGikpgFJS0lABRRRQMKKKKACnxnGRzzTKVetIQHrRQaKYBRRRQAUlLSUAFFFFAwooopAFFFFABRRRQA4UE0lJQAUUUUAFFFFABSUtJQAUUUUAFFFFABRRRQAUUUUAFFFFABRRSUALRRRQAUUUUAFLSCigAoFFAoAWiiigAooooAKKKKACiiigAooooAKKWkoAUU4dqaKcKAJgARmmMKkUcUjDFAEFOXrQRQKYGtakGLBGcGrOE9KoQf6v8alrNkk5CZ6UYT0FVqMUXAs4X2oO32qtRii4FjI74p25faq2KKLhYs7l9qN49RVbNNouBa3r60b4/UVVpKALnmR/3qUSp/e/SqdFFwLwmT+9+lP89P7x/Ks/NLmgC95ydyaQzJ2Jqlk0mTQIuecvqaTzU6gmqmaMmgZc84D1p3n/AFqjk0bsdaQF/wA8D1ppmz61R8zPAo5xnJoAteaPSjzR6frVMPmnbqYH/9Pnv3dHye9GR6Ubh6UrkWF/d+9HyUm4elLu9qLhYMx0oMfpTd3tRu9qLhYX5PSj5PSk3e1O3+1K4WJhtx0qNmUHpSiUioy+TRcLAWX0pMr/AHaN5o3mncLBkf3aMj+7S+YaPMNFwsJn2oz7UeY1G9qLhYMn0o59KN7Um9qLhYX5vSj5vSk8xqPMb1ouFhcP6UmJPSk8xvWjzH9aVwsLtl9KMS+lJ5j+ppu9vU07hYfiX0pMSU3c3rSbj60XCw75/Wj5vWo8mkOfWncLEmG9aPn9ahzTs0BYkw3rSYPrTM0lK4WJsH1owfWos0ZoCxLg/wB6jHq1RZooAmwP71JhfWo+KOO9AEmF9aML/eqL6Uc0APwvrR8vrUfNFAx/yUh2e9MpMGgQpx2ptLijFAEMr7VwOpqmTU9xww+lVqtFISiiigYhqw3RfoKrmrMnYewoEQ0lKaSmAUlLSUAFFFFAwooooAKVetJSr3pCDtRR2FFMAooFFABRRRQAlFFFIYUUUUAFFFFABRRRQAUUUUAFJS0lAC0UUUAFJS0UAJS0lFABRRRQAUUUUAFFFFABRRRQAUUlLQAUUUUAFFFFABRRRQAlOpBS0AFFFFABRRRQAUUUUAFFFFABS0lFAC0UUUAFPGOtMpVoAtrgj601qEJxz2p7DI4oArmkFONIKANG3jkeP92pbnsKn+z3J/5ZP+Rre8NO0VtKw7uP5V0wuTj5jWEqlnYLHnRtrsf8sn/Kk+z3P/PNvyrvpLljmolVZOSaakKxw4tbs/8ALNvypfsd5/zzau3KgAsKh3A8GjmCxx32S7/55mniwvT0jNdayKaUego5h2OS/s++/wCeZp/9l346pj8a67bnk1DKzLz1p3Cxy39mXv8Ad/WnrpN6wyAPzreLsR9anhJGN3SncVjnP7Hvu4H50n9kXmcHaPxrriMnIppjU8mpuOxyv9jXnqv5006PcqcFlrqvkUZpCEei7Cxza6JctzvWnDQ5ycGRRXUKybcDtSHaeRS5mFjmToco6yCmf2O2dvmCulJz1pvlK3PendhY519FdRnzB+VVJdMmSMyBs4rrivas7UGKxBfU/wAqFILHHqDvGassM/xGrYjUtvPWmBQRVkiwWMM0HmM+05xgVaGjxkZEpqawtxLHIM9CKslJl+UDpU3Gf//UwPLajyzXTx6HA4yXNTf2BbDne1ZXFY5HYaNhrrxoVp3Zqd/YViOpajmCxx200bfeux/sSwH96o20nTwON1HMFjksD1pMD1rqhpVmT901MdL07gIpz70cwWOP49aTA9a7NtHtAvCVnvZQqwIQbc0udD5TnPl9aT5fWurNpZBtojBqRLXT+d0Y9qXtEPkZyGV9aTIrsBZ2rEARrSvZQDIEag0vaoORnHbhRkV0qQRlyhQVoQ2qKCfLVsdsValcXKcTmjPtXdKsGw5iUE+gqWKKBfldV+uKOYOQ4Dn0NGG9D+VdtI6M4t0RRz1xTkt4pSUY7Sp4pc5XIcPtfptP5UuyQ/wN+Vd2EIcAY44qyI0P3sCpVUOQ898mb+435GgQznpG35V6LIY8bA4wKpW6LIzYbOKfO+wezOJFrdHpE35VILC+bkQt+Vd7ETuIHGKvIzVrHVXM2rHlzwSRPsmUqfQ1WkwpwK73Xolksmc/ejIIP6VwjgP1GT61QiAb3YIgyT2FXhpuoDrERW1oltEkBu2XLA4z6VspOGlw3IrKVSzsi1HS5yK6VqLf8s8fjSnS74DJUD8a66e7SNjGByeBVBXkabyDU+0K5DCOk34xkKN3TmnnRr8MFO3J966bYI+JD93pRIN+JAaPaE8pzEmj3sX39o/Gof7Pm/vrXVu7SBVcciqc0G37lNzCxhf2dNjO8fkali0mWU4WVRn1rbiY+UFxnmmlPKy46ijmYWMk6PKGKmQZqRNEkc480flW8MNEJSOTUYYBwo6mo9oyuVGSdBYDJmH5VAdHw23zM++K3pCdpyahRpDweM96pSbFZGeugqcZmIz7VcbwzGgBaZua0Isu2Ou2p3juCPMDcelVdhZHNyaLBGf9YxpP7Jstm7zXJ9K6FMhCsoBJ6VWEZHycYqXJoLHD6pAlvMix5wVzzWZXU+I4CBDOo4GUNcrW8HdXEFFLTaoQVal61VqzL1pgQ02lNJQMKWkooEFFFFAwooooEBqSPbtJb07VGalJKxgcDI/OkBH2ooJpKYBS0UlAC0UUUAJRS0UgEooooGFJS0lAC0UlFAC0UlFAC0lFFAC0UlFAC0lFFABRRRQAUUUUAFFFFABRRS0AJRRRQAUUtFABRRRQAUlLSUAFFFBoABS0gpaAEpKKKAFzS0lFAC0UlLQAUUUUAFFFFAC0tNpaAClHWkpw60ATp61MpGMGoVPy59ql7igBjDiovarPWoSMc0AddoG4WbEd3/pXSG3d0DCsbw/LbLpoWQfMWY1vJdRDjoB3rnktQRmvE6Nh+lOGQMitl4re4AYHr/SqrW8f3d+BTGVxgKN3eqsi5bI7VeMG5SwcU0W7KgJ70WArhTxS7c8Vb+zS7x29KRbd16c80WAou7KcYpq5dOeatzW8o6iojDOpwBQBT8oj71KJecDoKsmGQ53CojHt6jigQvm4HFOMmRzTntyBuTlT0qq6sOCDTsMkkHycGnxA7cGo0B71OJABikwHqmDSMCpzTQ2elWApK89KQFd2ULnvUTs4ORTpo+eDTEJ+61VcRYjYEZNZWpMDKEH8I/nWqIyBmufuW3zuffH5UIGV8VVU8fiat1UA4P1qiTc0jmKT6itjy6w9Lk2JIPUitre1Zt6lI//V1keZeNpq5HLIPlZTg1Xt55pBkjr0OKuGZl4BBI9qwC5GXccEVWe4YHGOlXfPG3JAB9TVZbku33Aam3mMr/atjBsZ9RT3mj3bl4B9aklljj+Yx5NAltp+q4PajlvpcBocFc0+BouRJ1PQ0LJAH8p1IIFLI9rEAWBH4UuWzAhd3xhTUPmbh5RHTvWhF9mnBKH3xTPIhLFgcGpUWirlGNY4iGcZBNSyRRbiE5Q81ZEcAT73Smx28EoKpJ15q1HQVxHtMKHR+lRrh3GaGiVGIEvA7E07yI3HySDNEqfYfMVrtFimHl855zUlq5cEMcE1KLSNWVvMzjkjNKkVqXbD8mrtZiRDJZ3CkvG2R1po3BNzferUieKMFN2cUrRwtHvY8dazlF9BmUsHnEMOCKVvkQA9e9Ww1qFJR+tV2FrkeY+aOVjvoSLGRCH7darvOq5DdKuoYfL+ViVqICydMHJpezJuZ/yyMNvNLckRKGU7TV+IWcTB48g1dlitZSC6feFWoBcpWUnmJvrUTpVYQxRqFg6CrCZreKsrEPcyNYH+gS/h/MVw5FdzrH/HhN9B/MVw5oJOm0XH2BlbkFjTwphOVGRmjRbZ5dOdk6h+lWWjkjPI6VzTvc1RmzLl/PanKzRyi4HJIxUN/NkYXg+lWrRW2gz8Z6ZqtkFyYq8iB++eaniTAyeneoyzI5YnI6DFMEjt938ajZgDHMmB2NSuwPAFKqKVD96icru2rUsCpIkqn92M5qsqXJk+c4U1r78qAvanRgMfatIy7hYrXMwih8uP0FIm1UVmHPrUNzEJJgYxgCtMPbyQiFxhgODT0C5QkcSttTOTTbh/KCowO6r8aCAbwu6oTL9pm3SAAdqE0kA22dpEPODVuZpAwHUEVDEgRzkcVYaTJC9FFLnTCxTPmMRnrVlImVdxNR5XzeOafcFgvFZsDG1obtPkzz0P61wldprUhXTyP7zAVxhrqo/CSxtFLSVsIQc1Zm/oKhUcZqxKMn6gUAVj1pKWkoAKKKKBhRRRQAUUUUCDBJAHU1ZmO1NowMn7vcYqKJSz9NwHJFOm6heOB1HvQBDRR3ooAKWkooAWkoooAWkoopAFFFFAwpKWkoAKKWkoAWkopaAEooooAKKKKACiiigAopcUoFACUUUUAFJS0UAJS0UUAFFFFABRRRQAUUUUAFJS0UAJQaKXtQAAZpKeOmKaaYhtLRRSAKKKKYBRRRSGFGaKKAFopKKAFooooAKkU1HTgaALCjjingiokPY1LQA8ZximEcc1MuD35pXXHagDcsvMS3jCDoufzrSjmkdtpWhI2htomQfwLn8qni3yryNtc7d9QLlvMUO3rVh5+cACqKpt+7UwXPzNUIYr7W5qmzc4HSryhDzTXtCxBXvVcyQWGr8wG7NH7sSbgxX0xURYqSpNIAD1NLmYF1bmUHg5x60G5lLZ3EGqZkx93tTVmVzkmhXAmmurmH5lw2fUVWGouV2sq5PtVrcrLzWW6IMsvWrTEaovJtoC7cDjGKl+0t0MQPvmsi3kOcPWg7hQKG2BJ9oWNTuiyT706OaB05jOfrUCzIwweab5idBTTAsG4tA+CpFWUnh2kDJHas1oQ3zVPGD0NDYDpkt5HBDYJ9eKGs027lkB/EVYCI3BANOMUXTaKjnQ7FR4JIk3FuAM1yxOTk966q8jhjtJHA5xgfjXKGqi09iWFUs/zq5VHP8AOrEbWmRuyOyjOCK18MOorH0qWeOKQxY2lhnIzWmdTuM/dQfhUtDP/9bf8po4hEDjFNd0gQE96ia5JG0CpY3R49koyD+lY2vuMgFwso2AdamQCCPJxk1GUitmIT5j2qu83zZPJqW7ASGGRiXfoaqcK+wVowzidPIkOB2PpURjS3k/e8nt71PL1KLGw4WV+Sv51VuHMgOfyqRpZJBnpjtVgLFIgzwT3olrsIr29uyqH6CrUkUgw7HI71WkFwDhjtRKlhuw6lewqrLqPToVpGZhgDC1V3GNw0da0aRyAoep6GqZt2STD8AVnrcQ+O2juFZpTgmmER28eIfmPrVmVlEeyPBJqJLdpIiQfm9Ku4WM6J33l93Oa0oI/MfKjn2rMWKTcUAwa04WW0XYzfOeRRG73ERpHOJWyOpq0scoYozcEdKWSQsMFsE88VBGxGRndSbSGU5bKWA70OQTU80G1N0hGewqRIpG5lO1RzUNxAbtmMLZwOM96pRT1EVZtRaMiNRtA6+9X4ytym6IbZPT1rmpAfNETZ4roLBHUg4wBT8gQ6KMZPmHG31qVb35tpQlB09ahvTul8xPunvQF2pk9TU3toh7lyAKjl4nyp7Gr0UhYZYVm2wPXHHrWggxxW8HdXM3uZ2rFTp830/qK4Zu1d3qwH9nzfT+orhSCMU2B0mhylbfaDjLEVbuNUmtD5U6h/rWTpshS1OO7Gr4jhuZAt0TgjAb0rJvWxfQFudNux+9iKH1FbES2k0HlbwygfKTwRWYlgLckSkbR39RSvPGV2RrgDv3NP1ETCxlYbo/mBqHyLmJslCKs7HWIXEDEr3HpSpd3BOEYmspJdRkaw5QlyVFZLymFsdR2NdJLPIseW2kntVeSWMAedAM1XKrBcy43XcJHPHpWjFGWRpFHSnEWBGXQip0NqUPlsy474otfYLmao3Ng9DSvboGHvVpreJv9XKtSfZJSVZWBx71PKx3K2x1HyHIFVXO08itqJJ0fleKpSxSbj8nB6UcgyqFYEMPyqy8Jdc9Kmt1CjEq4qZ3iclG4HY0lDqBlIhVs9qV5f4GoTcHIB4FOLKz7n4xU21EZGr25uLBin3o8Nj6Vwxr0W9lt4rd5nbaAMY9c+ledn9K6qWxLGUAZOKU0qjA3H8K2EB9BU8n3se1V/8AaqVzz+VAETCm1KajNACUUUUAFFFFABRRQaAJ4Vzk4OTwPT6Go35YnGOegqZOIc8kdSOmKrnigBBRQKKQBRRRTGFLSUtABSUUUgCiiigAooooAKSlpKACiiigAooooAKKKKAClpaO9ACgU4CgDNOxQBDRSjvSUAFFFFACUUUUALRSUtABS0lFAC0lFFACUtJRQAtKKbSigQuMHFJTjzg0lMByjccUwjBIpwbb0602gBKKWikAUUUUDCiiigBKKKKAClpKKAFopKWgCUHFTA56VVBqUNxQBMrEHNXPlZTj0qgOasRNQB21rIWtYjnOVH6cVO4c8qcVUsFIs4iehBP61cliMkZxwa4vtWKIGuDFgHrVpHbq1Z6WUxIMjcCr+xulW7CHuCRuSkJkbpxikQkErQzgLjNZuVh2MKSZklIkJp6XQ3gE8VpukMq5cYJqg1rFKD5fatYyTJsXw0bDr1qB7Vwd4OBVYxSREKTkVoxSbvlbpT2AqmSXbharSJPj5RW4IlU7vWp4hGe1Tz2HY5yCO48wbxWnIrScCtU+UvUVUmMUYyDS57sLFaOAAc04wIQNp5pBISM0bjmruwJEDrgVLyGxTFepNuefWlzASI21s1cVlbms9AQ+DTixQ4FZyjcpMi1d1S1CDq7D9K5c1tamzGNAfWsU1rTVkRJ6iVQ/xq/VCtCTd0iVY7aXP94fypzygsTiotKjLwSf7wodWDEYqbaldD//19p7cqwZOUPekkkjgyijLVMRsG2Ns88iopbUOc9Ky9CiCMAviQ8GhrcxPyMg9DQUZCB1q7uZItrc56e1ZvUCt5ccR8xuPaolUSz7ieT0zRskL5fnNRyAIcio5ugEsm+NtpGKmiRihD8DrUscoMG6UZx0NVZ2dx6egp2SAcXa4YRq2Qo4z3qRYgoKsMHvWaCwTI7GtSGdZYv3vVe9U/eAmjC7Ng69qrTLJckqDkJ+tRSyvIQI+F/nQ2/OEOGFStNBFKWQCQLkgg81oh2Cgrzn0qERx3vzEbZV6+9SSzCIeXGOfWm4FXC6uHDBUXEnc1QhmVrg+Z+tQSzSxSCTqferiJDffvYxtlXqPUVdrkFvlSGQbvSpZZliO5Ew7Dp2qKMrFju3p6fWqrzsJfNJyR+VF7aDHlmnILn/AAprSbJMRnkVPJF58fm2/B7rUKxR2w864PJ7VPK73AnZLdwLmZdrjr71EZfNyAdijtVSS8M7AYwoPAq60KTp5kP3h94Ve4IWO8VB5cgDIe1WJIYJYxNG3yrzj0rMgtnlkIl4Wrty8NrD5cRyT1+lEV3C5PBP5uNvCjpWglZNn5bfPCeO49K1kNaR21IZQ1UD7BP/ALv9RXCOTgCu91Yf6BMf9muDbAApsDf0W2FxayLn5lOQPWrgTd8rDAHrVfw+zBH29iT+ta0u26Yv0x1FZSS3LRXOboiBTyOFJ6VWSNo5DE4+b0qcYADA8irQ2XaeZJ8sichvUe9T8Q9hLdZopMY+XuKr3V2kBK26455PpU8l+CDGB071UtzC4aGUZVu/cUR7CZBCZGfcxOT61pRyq48i45HZvSqzQywERn5h2YelXY44o13Scn0qWncCP7PFEcTtwOnvUTT7wYwNiUeT9pZs8N/CKz/3pkMTDG3rTulsBaSyEwIUkP1Ge9XLeNgm05VhUEEM+4NnA9atySSuT32+nenutQCR/LG0Mc1WnvbpHHl5IpqzySNs24A9RV63nQ5ULkikmMhivLh15wanSRsEyIoHuKC8KvtjXDN1qaYKuOMnFWrrdhuRR+S2X8sYHpVUvZXA3GNvwq7GpiJMhyrDn2qBbdLc7gwKNyKBHBeI5YzdrbwZCIoPPcmudzXX+KI4W8q4QbTnafcdq48it47aEgOTinsecCkTu3pQOtUAj8YFPft9BUZqRui/SgBtNNLQaAGUUGigAooooGFB60CnL/rB9e9AieQgIFBJxwD0GKrGppWyRz7kds1CaAFooooASiiigYUtJS0AJRRRSAKSlpKAClpKWgApKWkoAKKKKACiiigApaSlFADsUUuaF60ASKPloPAzTuKhc8YoAaOlJSn0ooASilooASiiigBKWkooAWlpKWgBKKKSgAooooAKKKKBC5opKKACloooGFFFFABRRRQAUUUUAFJS0UAJRRRQAUUUUALSg0lFAEqmrcCNJKI16scfnVEE10WhxK98jt0UFvyqZuybBHYLb+RGsJ5CAD8qVGy2BViYbo94qhGDuzXDzaXLZZLYfHapAQQTVcyDdgVLEyng8VN7gVpQc5H5VAQ2Ruq9IFBGOeaimBOMdDWulhDUxnDVE8aQncO9PK7PmHJqQ5deRRF2BlCS4LLwtMt7wb9jirRMcYIIqr5UT9OtbEl2Z37HrVy1jZUyax9sykIOa1I5iqbT1rOaGmSTkMKy5vm69qsM5wc1nSTqDupwiJsuQOTwRVosD1FYyXkhbCrV9JWb5WGKpoaZejAxubv0p7MAtUnulGB6U2e6XyuOpqWguXlk5BpxZSc1km44AX8aBeLuCDmjlC5JqZBjTb6msWtO+kDRqB61m5rSOxLErO71o1m+tUI39HkCROD/AHhWmdjHJFZOlBTC4PXd/Sr/AO87Cs3uUf/Q0IAnJU4I61qQSLImHzgViQcOcVo2xODzWCLZYmeOMEIM1nszu2Scmnv0f60dHXFZy1YJGjA2U8uXGexqtIiRkmQZxTTzMAe1RSklzTk7K4EDSMxx0Udh/WtCBo7lNr8MOhrLbrU8X3aIu+4iZrQRlmY8CqIuxkxRj5e59av3TNnr2FZgAyat6aIDXjWKaPZ0YVSaKX7SG5wKswdR9K0LzhCR6CqST1EUG8pXO3v1PpTvKiZCUIZl7VmXJIYgdMU2wY/aV5qb3dhjp085wFFPJgsQNvMh7DrWpcAK5KjHBrk0JZnZuTnqau1iTeELtb70PzdWFUVJYYAyamsWb7TGMnpVqIAXsgAxU8i3AsKVtrfdIdp7Viyw3M6m5+8M4PqK0bzm4IPQdKNOJ87HYg5p+QHPwsUl2t2rqbaMACZTisV1X+0CMCtGckRoB0zU2sFwuUecMw4Uf3aqOF8ks55PFadkSZnB6baw7r/XY7bulVuMu6XGyOW7GugTrVC24XitBOtaR2IZT1QZsZ/9w1wXUV3+p/8AHjP/ALhrz4UMDZ0jzhE5Q4GTWvazvGCSOc81R0L/AFTf7xq1J/rG+tYVGawL5tkmxJHx3K1G8nyiKMYU9TToCdyc96r/AMTfU0noroRYuLXbFvX5lNZVtHJ5mFHeugtSSjg8jFJCAI2wMc1SiIjbzYYhGo3Fj+VUVDqxV/vE96vRknJPrUl6BuU+1TPYaRlu7pKMHNX5mh2CeYYcf+PVRi5lGa0JwCIwfWnDUGQpK84wV2rT47hlk2IMAVcYACqbACYVQF50jmQlAAT1qvHB9nXA60p4IxxVhidg57U7CKUcyed93J7k1HdB0IZfmVuhFWpAME4p1rzbvnnms3q7FJCQ7vKPmioEKTNtB247GpIiSxye9QNxdnFN9hM5rxTA6W0ZYdH/AJiuHNen+J+dEYnruX+deYt1reCsiWKv3T9aU8daVfufjQ3U1oIjNSdYwfQkVFUg/wBUfrQAyilpKAEpKWkoAKKKKBgKfGCWJHYUwUqdaBD3Ysck5xwKj705uppooAWkpaKAEooooGFFFFABRRSUgFopKWgBKWkooAKKKKACiiigAooooAKUUlOFADhR0oFB60ALuzTCcmikHWgBxpKKKAFxRRSGgBKKKSgAooooAWikooAWkoooAKKKKACiiloADSUtJQAUtJRQAtFFFABRRRQAUlLSUALRRRQAUlLRQAUUUUALilwKaKWgBe9dX4eTfdFP9g/zrlB1rrfD/F22P+ef9RUTV1YFuduUVIcN2rLlOT+77VPcE+R1qG2/1Zrk5bFjYomMmPXrTiCXA7CnDofpSL1pPRAiYhSMUjjAo/iqQ/dNZpgViQRtpUz17UjfeppPzYrToAkkAf5qhW25yK04ugpkvHSrhJiaKvl7ByajlYxjcozSsTR1XmqJK63Ab7wqjeKAu5eM1cmAFVX5HNWhEtjsaP5hzVvcC1U4OG4qd/vCmNFgxI46c1UmgPGKux9Kce9S2MzSFAx3pYLTe+e9XJlG4cVctQBIMUXEY+oWxgRST1NZddLrn+pT/ermTVR2E9xazu5rQFZ/eqEbWl/6pv8AerX3HtVDRgDbyZ/vVoMBnpWUtyj/2Q==', '6901234567'),
	(7, 'Τάσος ', 'tas@.com', '$2b$10$JwbLmtnVN6YKgtMOQ.d6wuQEy/E83fv7vh2YG65m0fmwNM9Rv/GLG', 'user', NULL, NULL, NULL);

/*!40103 SET TIME_ZONE=IFNULL(@OLD_TIME_ZONE, 'system') */;
/*!40101 SET SQL_MODE=IFNULL(@OLD_SQL_MODE, '') */;
/*!40014 SET FOREIGN_KEY_CHECKS=IFNULL(@OLD_FOREIGN_KEY_CHECKS, 1) */;
/*!40101 SET CHARACTER_SET_CLIENT=@OLD_CHARACTER_SET_CLIENT */;
/*!40111 SET SQL_NOTES=IFNULL(@OLD_SQL_NOTES, 1) */;
